{"type":"OeBuildPlan","uri":null,"category":null,"eTag":null,"created":null,"modified":null,"buildPlanid":"1c2c9159-720c-4059-a7ab-2430ffb45e34","name":"HPE-SLES15-EFI-MultiNIC-2019-06-11","description":"Configures SLES 15 by staging scripts in EFI partition. This buildplan configures Multiple NIC's for Management connection (c) Copyright 2019-2020 Hewlett Packard Enterprise Development LP Licensed under the Apache License, Version 2.0 (the \"License\");...","status":null,"hpProvided":true,"oeBuildPlanType":"deploy","buildStep":[{"planScriptUri":"/rest/plan-scripts/5fac69e4-84e5-4245-951a-51cf8e20d5f3","serialNumber":"1","parameters":null,"planScriptName":"HPE-SLES15-EFI-mount-2018-09-25"},{"planScriptUri":"/rest/plan-scripts/3e9476a8-6dae-44de-9649-5016400abb7e","serialNumber":"2","parameters":null,"planScriptName":"HPE-SLES15-EFI-wrapper-2019-03-24"},{"planScriptUri":"/rest/plan-scripts/6a8e97b0-a8a7-4ffb-96da-726713955f22","serialNumber":"3","parameters":null,"planScriptName":"HPE-SLES15-EFI-configure-multiple-NICs-2019-06-05"},{"planScriptUri":"/rest/plan-scripts/48e66d48-3d14-4c8f-a042-dd3c01b43274","serialNumber":"4","parameters":null,"planScriptName":"HPE-SLES15-EFI-configure-users-2018-09-25"},{"planScriptUri":"/rest/plan-scripts/313b51d7-9382-435b-a05c-14387c1de072","serialNumber":"5","parameters":null,"planScriptName":"HPE-SLES15-EFI-configure-hostname-2019-04-25"},{"planScriptUri":"/rest/plan-scripts/c1f823a6-0b2d-41aa-a784-5c9fb157f6ac","serialNumber":"6","parameters":null,"planScriptName":"HPE-SLES15-EFI-manage-ssh-service-2020-08-24"},{"planScriptUri":"/rest/plan-scripts/7c17dfee-6842-4cca-8f52-f76a8a9b1c3e","serialNumber":"7","parameters":null,"planScriptName":"HPE-SLES15-EFI-LVM-2019-05-15"},{"planScriptUri":"/rest/plan-scripts/4ab23eb5-c41b-4a4c-ad34-be2b0e997a58","serialNumber":"8","parameters":null,"planScriptName":"HPE-SLES15-EFI-unmount-2018-09-25"}],"customAttributes":[{"name":"LvmVolumeName","description":"A name for the logical volume created on the host.","value":"new_vol","constraints":"{\"regex\":\"\",\"helpText\":\"\"}","type":"string"},{"name":"DomainName","description":"DomainName of the server.","value":"","constraints":"{\"helpText\":\"\",\"options\":[\"\"]}","type":"fqdn"},{"name":"FirstPartitionSize","description":"A partition size for the first partition on the disk","value":"10","constraints":"{\"unit\":\"GB\"}","type":"number"},{"name":"SSH","description":"","value":"Enable","constraints":"{\"options\":[\"Enable\",\"Disable\"]}","type":"option"},{"name":"NewRootPassword","description":"Password for the new root user.","value":"","constraints":"{\"maxlen\":\"20\"}","type":"password"},{"name":"DiskName","description":"The disk partition prefix for e.g. \"/dev/sda\" to be able to create partitions on the volume.","value":"/dev/sda","constraints":"{\"regex\":\"\",\"helpText\":\"\"}","type":"string"},{"name":"NewUsers","description":"New user to be created on the server.","value":"","constraints":"{\"regex\":\"\",\"helpText\":\"\"}","type":"string"},{"name":"LvmVolumeSize","description":"Size for the logical volume to be created on the host.","value":"16","constraints":"{\"unit\":\"GB\"}","type":"number"},{"name":"MgmtNICUsedTotal","description":"A count to keep track of the total NIC's to be added on the host.","value":"1","constraints":"{\"minimum\":\"1\",\"maximum\":\"4\",\"increment\":\"1\"}","type":"number"},{"name":"FileSystem","description":"Type of FileSystem","value":"Disabled","constraints":"{\"options\":[\"Disabled\",\"XFS\",\"EXT4\",\"BTRFS\"]}","type":"option"},{"name":"ManagementNIC2","description":"Management NIC attributes for NIC1. The mac sub-attribute is a mandatory field in NIC type custom attributes.","value":null,"constraints":"{\"ipv4static\":true,\"ipv4dhcp\":true,\"ipv4disable\":true,\"parameters\":[\"dns1\",\"dns2\",\"domain\",\"gateway\",\"ipaddress\",\"mac\",\"netmask\"]}","type":"nic"},{"name":"ManagementNIC1","description":"Management NIC attributes for NIC1. The mac sub-attribute is a mandatory field in NIC type custom attributes.","value":null,"constraints":"{\"ipv4static\":true,\"ipv4dhcp\":true,\"ipv4disable\":false,\"parameters\":[\"dns1\",\"dns2\",\"domain\",\"gateway\",\"ipaddress\",\"mac\",\"netmask\"]}","type":"nic"},{"name":"NewUsersPassword","description":"Password for the new user to be created on the server.","value":"","constraints":"{\"maxlen\":\"20\"}","type":"password"},{"name":"SecondPartitionSize","description":"A size for the second partition created on the server.","value":"10","constraints":"{\"unit\":\"GB\"}","type":"number"},{"name":"ManagementNIC4","description":"Management NIC attributes for NIC1. The mac sub-attribute is a mandatory field in NIC type custom attributes.","value":null,"constraints":"{\"ipv4static\":true,\"ipv4dhcp\":true,\"ipv4disable\":true,\"parameters\":[\"dns1\",\"dns2\",\"domain\",\"gateway\",\"ipaddress\",\"mac\",\"netmask\"]}","type":"nic"},{"name":"ManagementNIC3","description":"Management NIC attributes for NIC1. The mac sub-attribute is a mandatory field in NIC type custom attributes.","value":null,"constraints":"{\"ipv4static\":true,\"ipv4dhcp\":true,\"ipv4disable\":true,\"parameters\":[\"dns1\",\"dns2\",\"domain\",\"gateway\",\"ipaddress\",\"mac\",\"netmask\"]}","type":"nic"},{"name":"HostName","description":"Hostname for SLES host. The hostname value can be defined manually or by using the tokens. This value must conform to valid hostname requirement defined by Internet standards.","value":"","constraints":"{\"helpText\":\"\"}","type":"hostname"},{"name":"LvmVolumeGroupName","description":"A name for the logical volume group created on the host.","value":"new_vol_group","constraints":"{\"regex\":\"\",\"helpText\":\"\"}","type":"string"}],"dependentArtifacts":null}