{"type":"PlanScript","uri":null,"category":null,"eTag":null,"created":null,"modified":null,"id":"5f3e396c-ce73-4a87-bd75-2246a4b76b22","name":"HPE-SLES15-EFI-ibftBonding-2021-12-03","description":"configures a  IBFT bonding service","status":null,"state":null,"planType":"deploy","content":"# (c) Copyright 2019-2021 Hewlett Packard Enterprise Development LP\n#\n# Licensed under the Apache License, Version 2.0 (the \"License\");\n# you may not use this file except in compliance with the License.\n# You may obtain a copy of the License at http://www.apache.org/licenses/LICENSE-2.0\n#\n# Unless required by applicable law or agreed to in writing, software distributed\n# under the License is distributed on an \"AS IS\" BASIS, WITHOUT WARRANTIES OR\n# CONDITIONS OF ANY KIND, either express or implied. See the License for the\n# specific language governing permissions and limitations under the License.\n\nupload -<<END /EFI/HPE/isdeploy/scripts/01ibftbonding-configuration.bash\n#!/bin/bash\n\n\ncat <<'CONF'> /etc/init.d/ibftT\n#!/bin/bash\nset -x\n\nfoundibft0=`ls /sys/class/net/ | grep -i \"ibft0\"`\nfoundibft1=`ls /sys/class/net/ | grep -i \"ibft1\"`\necho \"ibft0 : $foundibft0\"\necho \"ibft1 : $foundibft1\"\n\nif  [ -n \"$foundibft0\" ]; then\n        ibftIP=$(ip addr list ibft0 | grep -w \"inet\" | awk '{print $2}' | cut -d '/' -f1 | tr -d ' ')\n        Netmask=$(ip addr list ibft0 | grep -w \"inet\" | awk '{print $2}' | cut -d '/' -f2 | tr -d ' ')\n        echo \" ip address $ibftIP \"\n        echo \" netmask $Netmask \"\nelse\n        ibftIP=$(ip addr list ibft1 | grep -w \"inet\" | awk '{print $2}' | cut -d '/' -f1 | tr -d ' ')\n        Netmask=$(ip addr list ibft1 | grep -w \"inet\" | awk '{print $2}' | cut -d '/' -f2 | tr -d ' ')\n        echo \" ip address $ibftIP \"\n        echo \" netmask $Netmask \"\nfi\n\n\nmodprobe bonding\n\necho +ibftTeam > /sys/class/net/bonding_masters\necho 1 > /sys/class/net/ibftTeam/bonding/mode\necho 100 > /sys/class/net/ibftTeam/bonding/miimon\n\nip addr add $ibftIP/$Netmask dev ibftTeam\n\nif [ -n \"$foundibft1\" ]; then\n\t\tsleep 5s\n        wicked ifdown --force device-down ibft1\n        sleep 10s\n\n        echo +ibft1 > /sys/class/net/ibftTeam/bonding/slaves\n\n        wicked ifdown --force device-up ibft1\n\n        ip link set up ibftTeam\nfi\n\nif [ -n \"$foundibft0\" ]; then\n        wicked ifdown --force device-down ibft0\n        sleep 5s\n        echo +ibft0 > /sys/class/net/ibftTeam/bonding/slaves\n        wicked ifdown --force device-up ibft0\n        ip link set up ibftTeam\nfi\n\niscsiadm -P 1 -m session\n\nCONF\n\ncat <<CONF>/etc/systemd/system/ibft.service\n[Unit]\nDescription=ibft bonding\n\n[Service]\nType=simple\nRemainAfterExit=yes\nWorkingDirectory=/etc/init.d/\nExecStart=/bin/bash ibftT\n\n[Install]\nWantedBy=multi-user.target\nCONF\n\nchmod 777 /etc/init.d/ibftT\nsystemctl enable ibft.service\nsystemctl start ibft.service\n\n\n\nEND","customAttributes":null,"hpProvided":true,"dependentArtifacts":null}