{"type":"OeBuildPlan","uri":null,"category":null,"eTag":null,"created":null,"modified":null,"buildPlanid":"8611864e-e32e-4d32-ab77-8ccfe84d087d","name":"HPE-SLES15-EFI-BONDING-2021-12-03","description":"Configures SLES 15 by staging scripts in EFI partition. This buildplan configures HA for iSCSI boot connections and Bonding of Management connections (c) Copyright 2019-2020 Hewlett Packard Enterprise Development LP Licensed under the Apache License, Version 2.0 (the \"License\")","status":null,"hpProvided":true,"oeBuildPlanType":"deploy","buildStep":[{"planScriptUri":"/rest/plan-scripts/5fac69e4-84e5-4245-951a-51cf8e20d5f3","serialNumber":"1","parameters":null,"planScriptName":"HPE-SLES15-EFI-mount-2018-09-25"},{"planScriptUri":"/rest/plan-scripts/3e9476a8-6dae-44de-9649-5016400abb7e","serialNumber":"2","parameters":null,"planScriptName":"HPE-SLES15-EFI-wrapper-2019-03-24"},{"planScriptUri":"/rest/plan-scripts/5f3e396c-ce73-4a87-bd75-2246a4b76b22","serialNumber":"3","parameters":null,"planScriptName":"HPE-SLES15-EFI-ibftBonding-2021-12-03"},{"planScriptUri":"/rest/plan-scripts/091f0f6d-7d02-44eb-b749-d79ae51ed254","serialNumber":"4","parameters":null,"planScriptName":"HPE-SLES15-EFI-configure-bonding-2019-04-25"},{"planScriptUri":"/rest/plan-scripts/313b51d7-9382-435b-a05c-14387c1de072","serialNumber":"5","parameters":null,"planScriptName":"HPE-SLES15-EFI-configure-hostname-2019-04-25"},{"planScriptUri":"/rest/plan-scripts/48e66d48-3d14-4c8f-a042-dd3c01b43274","serialNumber":"6","parameters":null,"planScriptName":"HPE-SLES15-EFI-configure-users-2018-09-25"},{"planScriptUri":"/rest/plan-scripts/c1f823a6-0b2d-41aa-a784-5c9fb157f6ac","serialNumber":"7","parameters":null,"planScriptName":"HPE-SLES15-EFI-manage-ssh-service-2020-08-24"},{"planScriptUri":"/rest/plan-scripts/7c17dfee-6842-4cca-8f52-f76a8a9b1c3e","serialNumber":"8","parameters":null,"planScriptName":"HPE-SLES15-EFI-LVM-2019-05-15"},{"planScriptUri":"/rest/plan-scripts/4ab23eb5-c41b-4a4c-ad34-be2b0e997a58","serialNumber":"9","parameters":null,"planScriptName":"HPE-SLES15-EFI-unmount-2018-09-25"}],"customAttributes":[{"name":"NICBond0Name","description":"","value":"bond0","constraints":"{}","type":"string"},{"name":"LvmVolumeName","description":"A name for the logical volume created on the host.","value":"new_vol","constraints":"{\"regex\":\"\",\"helpText\":\"\"}","type":"string"},{"name":"DomainName","description":"Domain name for the host.","value":"","constraints":"{\"helpText\":\"\"}","type":"fqdn"},{"name":"Bond1NIC1","description":"","value":null,"constraints":"{\"ipv4static\":true,\"ipv4dhcp\":true,\"ipv4disable\":true,\"parameters\":[\"dns1\",\"dns2\",\"domain\",\"gateway\",\"ipaddress\",\"mac\",\"netmask\"]}","type":"nic"},{"name":"FirstPartitionSize","description":"A partition size for the first partition on the disk.","value":"10","constraints":"{\"unit\":\"GB\"}","type":"number"},{"name":"Bond1NIC2","description":"","value":null,"constraints":"{\"ipv4static\":true,\"ipv4dhcp\":true,\"ipv4disable\":true,\"parameters\":[\"mac\"]}","type":"nic"},{"name":"SSH","description":"SSH service to enable clients to connect via SSH protocol.","value":"Enable","constraints":"{\"options\":[\"Enable\",\"Disable\"]}","type":"option"},{"name":"NewRootPassword","description":"Password for the new root user.","value":"","constraints":"{\"maxlen\":\"20\"}","type":"password"},{"name":"DiskName","description":"The disk partition prefix for e.g. \"/dev/sda\" to be able to create partitions on the volume.","value":"/dev/sda","constraints":"{\"regex\":\"\",\"helpText\":\"\"}","type":"string"},{"name":"NewUsers","description":"New user to be created on the server.","value":"","constraints":"{\"regex\":\"\",\"helpText\":\"\"}","type":"string"},{"name":"NICBond1Name","description":"","value":"bond1","constraints":"{}","type":"string"},{"name":"LvmVolumeSize","description":"Size for the logical volume to be created on the host.","value":"16","constraints":"{\"unit\":\"GB\"}","type":"number"},{"name":"Bond0NIC1","description":"","value":null,"constraints":"{\"ipv4static\":true,\"ipv4dhcp\":true,\"ipv4disable\":true,\"parameters\":[\"dns1\",\"dns2\",\"domain\",\"gateway\",\"ipaddress\",\"mac\",\"netmask\"]}","type":"nic"},{"name":"TotalNICbondings","description":"","value":"1","constraints":"{}","type":"string"},{"name":"Bond0NIC2","description":"","value":null,"constraints":"{\"ipv4static\":true,\"ipv4dhcp\":true,\"ipv4disable\":true,\"parameters\":[\"mac\"]}","type":"nic"},{"name":"FileSystem","description":"Type of FileSystem","value":"Disabled","constraints":"{\"options\":[\"Disabled\",\"XFS\",\"BTRFS\",\"EXT4\"]}","type":"option"},{"name":"NewUsersPassword","description":"Password for the new user to be created on the server.","value":"","constraints":"{\"maxlen\":\"20\"}","type":"password"},{"name":"SecondPartitionSize","description":"A partition size for the second partition created on the volume.","value":"10","constraints":"{\"unit\":\"GB\"}","type":"number"},{"name":"HostName","description":"Hostname for RHEL host. The hostname value can be defined manually or by using the tokens. This value must conform to valid hostname requirement defined by Internet standards.","value":"","constraints":"{\"helpText\":\"\"}","type":"hostname"},{"name":"LvmVolumeGroupName","description":"A name for the logical volume group created on the host.","value":"new_vol_group","constraints":"{\"regex\":\"\",\"helpText\":\"\"}","type":"string"}],"dependentArtifacts":null}