{"type":"OeBuildPlan","uri":null,"category":null,"eTag":null,"created":null,"modified":null,"buildPlanid":"64e54234-b807-4b5a-a588-583381881fcd","name":"HPE-SLES15-EFI-MultiNIC-2019-06-11","description":"Configures SLES 12 by staging scripts in EFI partition. (c) Copyright 2019-2020 Hewlett Packard Enterprise Development LP Licensed under the Apache License, Version 2.0 (the \"License\");...","status":null,"hpProvided":true,"oeBuildPlanType":"deploy","buildStep":[{"planScriptUri":"/rest/plan-scripts/feb8300f-696d-4d3d-be7c-3ca4bb735c51","serialNumber":"1","parameters":null,"planScriptName":"HPE-SLES15-EFI-mount-2018-09-25"},{"planScriptUri":"/rest/plan-scripts/674af585-8e2e-4904-b624-c7917bf6dadb","serialNumber":"2","parameters":null,"planScriptName":"HPE-SLES15-EFI-wrapper-2019-03-24"},{"planScriptUri":"/rest/plan-scripts/e44b9231-9401-410a-948f-a7e803b6da75","serialNumber":"3","parameters":null,"planScriptName":"HPE-SLES15-EFI-configure-multiple-NICs-2019-06-05"},{"planScriptUri":"/rest/plan-scripts/396dc605-67a2-453d-a361-8084ce1e0d3c","serialNumber":"4","parameters":null,"planScriptName":"HPE-SLES15-EFI-configure-users-2018-09-25"},{"planScriptUri":"/rest/plan-scripts/d4a1d045-6428-4735-abdf-26029000f737","serialNumber":"5","parameters":null,"planScriptName":"HPE-SLES15-EFI-configure-hostname-2019-04-25"},{"planScriptUri":"/rest/plan-scripts/e279acb3-e957-4119-b90b-889ad7fccaba","serialNumber":"6","parameters":null,"planScriptName":"HPE-SLES15-EFI-manage-ssh-service-2020-08-24"},{"planScriptUri":"/rest/plan-scripts/8dd7a0b2-97cc-4671-8aae-32e37be76ef4","serialNumber":"7","parameters":null,"planScriptName":"HPE-SLES15-EFI-LVM-2019-05-15"},{"planScriptUri":"/rest/plan-scripts/ca20a43e-c02e-45da-9b92-95946c8b157b","serialNumber":"8","parameters":null,"planScriptName":"HPE-SLES15-EFI-unmount-2018-09-25"}],"customAttributes":[{"name":"LvmVolumeName","description":"A name for the logical volume created on the host.","value":"new_vol","constraints":"{\"regex\":\"\",\"helpText\":\"\"}","type":"string"},{"name":"DomainName","description":"DomainName of the server.","value":"","constraints":"{\"helpText\":\"\",\"options\":[\"\"]}","type":"fqdn"},{"name":"FirstPartitionSize","description":"A partition size for the first partition on the disk","value":"10","constraints":"{\"unit\":\"GB\"}","type":"number"},{"name":"SSH","description":"","value":"Enable","constraints":"{\"options\":[\"Enable\",\"Disable\"]}","type":"option"},{"name":"NewRootPassword","description":"Password for the new root user.","value":"","constraints":"{\"maxlen\":\"20\"}","type":"password"},{"name":"DiskName","description":"The disk partition prefix for e.g. \"/dev/sda\" to be able to create partitions on the volume.","value":"/dev/sda","constraints":"{\"regex\":\"\",\"helpText\":\"\"}","type":"string"},{"name":"NewUsers","description":"New user to be created on the server.","value":"","constraints":"{\"regex\":\"\",\"helpText\":\"\"}","type":"string"},{"name":"LvmVolumeSize","description":"Size for the logical volume to be created on the host.","value":"16","constraints":"{\"unit\":\"GB\"}","type":"number"},{"name":"MgmtNICUsedTotal","description":"A count to keep track of the total NIC's to be added on the host.","value":"1","constraints":"{\"minimum\":\"1\",\"maximum\":\"4\",\"increment\":\"1\"}","type":"number"},{"name":"FileSystem","description":"Type of FileSystem","value":"Disabled","constraints":"{\"options\":[\"Disabled\",\"XFS\",\"EXT4\",\"BTRFS\"]}","type":"option"},{"name":"ManagementNIC2","description":"Management NIC attributes for NIC1. The mac sub-attribute is a mandatory field in NIC type custom attributes.","value":null,"constraints":"{\"ipv4static\":true,\"ipv4dhcp\":true,\"ipv4disable\":true,\"parameters\":[\"dns1\",\"dns2\",\"domain\",\"gateway\",\"ipaddress\",\"mac\",\"netmask\"]}","type":"nic"},{"name":"ManagementNIC1","description":"Management NIC attributes for NIC1. The mac sub-attribute is a mandatory field in NIC type custom attributes.","value":null,"constraints":"{\"ipv4static\":true,\"ipv4dhcp\":true,\"ipv4disable\":false,\"parameters\":[\"dns1\",\"dns2\",\"domain\",\"gateway\",\"ipaddress\",\"mac\",\"netmask\"]}","type":"nic"},{"name":"NewUsersPassword","description":"Password for the new user to be created on the server.","value":"","constraints":"{\"maxlen\":\"20\"}","type":"password"},{"name":"SecondPartitionSize","description":"A size for the second partition created on the server.","value":"10","constraints":"{\"unit\":\"GB\"}","type":"number"},{"name":"ManagementNIC4","description":"Management NIC attributes for NIC1. The mac sub-attribute is a mandatory field in NIC type custom attributes.","value":null,"constraints":"{\"ipv4static\":true,\"ipv4dhcp\":true,\"ipv4disable\":true,\"parameters\":[\"dns1\",\"dns2\",\"domain\",\"gateway\",\"ipaddress\",\"mac\",\"netmask\"]}","type":"nic"},{"name":"ManagementNIC3","description":"Management NIC attributes for NIC1. The mac sub-attribute is a mandatory field in NIC type custom attributes.","value":null,"constraints":"{\"ipv4static\":true,\"ipv4dhcp\":true,\"ipv4disable\":true,\"parameters\":[\"dns1\",\"dns2\",\"domain\",\"gateway\",\"ipaddress\",\"mac\",\"netmask\"]}","type":"nic"},{"name":"HostName","description":"Hostname for SLES host. The hostname value can be defined manually or by using the tokens. This value must conform to valid hostname requirement defined by Internet standards.","value":"","constraints":"{\"helpText\":\"\"}","type":"hostname"},{"name":"LvmVolumeGroupName","description":"A name for the logical volume group created on the host.","value":"new_vol_group","constraints":"{\"regex\":\"\",\"helpText\":\"\"}","type":"string"}],"dependentArtifacts":null}