{"type":"PlanScript","uri":null,"category":null,"eTag":null,"created":null,"modified":null,"id":"e279acb3-e957-4119-b90b-889ad7fccaba","name":"HPE-SLES15-EFI-manage-ssh-service-2020-08-24","description":"Enables or Disables SSH","status":null,"state":null,"planType":"deploy","content":"# (c) Copyright 2019-2020 Hewlett Packard Enterprise Development LP\n#\n# Licensed under the Apache License, Version 2.0 (the \"License\");\n# you may not use this file except in compliance with the License.\n# You may obtain a copy of the License at http://www.apache.org/licenses/LICENSE-2.0\n#\n# Unless required by applicable law or agreed to in writing, software distributed\n# under the License is distributed on an \"AS IS\" BASIS, WITHOUT WARRANTIES OR\n# CONDITIONS OF ANY KIND, either express or implied. See the License for the\n# specific language governing permissions and limitations under the License.\n\nupload -<<END /EFI/HPE/isdeploy/scripts/07ssh_service.bash\n#!/bin/bash\n# This script was loaded by HPE Image Streamer\nexec 1> >(logger -s -t $(basename $0)) 2>&1\n\n# Script to Enable/Disable SSH and add valid ssh users\n\nssh=@SSH:Enable@\nssh=$(echo \"$ssh\" | tr '[:upper:]' '[:lower:]')\n\necho \"Starting manage-ssh-service using setting: $ssh\"\n\nif [ $ssh == enable ]\nthen\n\tssh_users=\"@NewUsers@\"\n\tadd_users=${ssh_users//,/ }\n\n\techo \"Enabling sshd to start at boot\"\n\tsystemctl enable sshd\n\n\techo \"Modifying /etc/sysconfig/SuSEfirewall2 to allow ssh\"\n\tcat <<-CONF>>/etc/sysconfig/SuSEfirewall2\n\t#\n\t#The following was added by HPE Image Streamer:\n\tFW_SERVICES_EXT_TCP=\"ssh\"\n\tCONF\n\t\n        echo \"Adding ssh entry to Firewall\"\n        firewall-cmd --add-service=ssh --permanent\n\n         echo \"Restarting firewalld\"\n        systemctl restart firewalld\n\n        echo \"Restarting sshd\"\n\tsystemctl restart sshd\n\n\techo \"Restarting SuSEfirewall2\"\n\tsystemctl restart SuSEfirewall2\n\n\t\nelse\n\techo \"Stopping sshd service\"\n\tsystemctl stop sshd\n\n\techo \"Disabling sshd from starting at boot\"\n\tsystemctl disable sshd\nfi \n\necho \"Finished manage-ssh-service script\"\n\nexit 0\nEND","customAttributes":null,"hpProvided":true,"dependentArtifacts":null}