{"type":"PlanScript","uri":null,"category":null,"eTag":null,"created":null,"modified":null,"id":"e44b9231-9401-410a-948f-a7e803b6da75","name":"HPE-SLES15-EFI-configure-multiple-NICs-2019-06-05","description":"Upload bash scripts to configure multiple NICs  to EFI partition directories /EFI/HPE/isdeploy/scripts and  /EFI/HPE/isdeploy/tmp","status":null,"state":null,"planType":"deploy","content":"# (c) Copyright 2019-2020 Hewlett Packard Enterprise Development LP\n#\n# Licensed under the Apache License, Version 2.0 (the \"License\");\n# you may not use this file except in compliance with the License.\n# You may obtain a copy of the License at http://www.apache.org/licenses/LICENSE-2.0\n#\n# Unless required by applicable law or agreed to in writing, software distributed\n# under the License is distributed on an \"AS IS\" BASIS, WITHOUT WARRANTIES OR\n# CONDITIONS OF ANY KIND, either express or implied. See the License for the\n# specific language governing permissions and limitations under the License.\n\n#Temp files and scripts  to configure up to 4 NICs\n\nupload -<<END /EFI/HPE/isdeploy/tmp/nw_domain_list\nEND\nupload -<<END /EFI/HPE/isdeploy/tmp/DNS_server_list\nEND\nupload -<<END /EFI/HPE/isdeploy/tmp/default_gateway_done\nno\nEND\n\nupload -<<END /EFI/HPE/isdeploy/tmp/MgmtNIC-configure.bash\n#! /bin/bash\n#This script was loaded by HPE Image Streamer\n\n\nnet_mac=$1\nnet_ip=$2\nnet_netmask=$3\nnet_domain=$4\ndns1=$5\ndns2=$6\ngateway=$7\n\nisroot=\"/boot/efi/EFI/HPE/isdeploy\"\n\ncat <<-CONF>>/boot/efi/EFI/HPE/isdeploy/tmp/interface_names\nCONF\n\nnw_domain_list=`cat ${isroot}/tmp/nw_domain_list`\necho \"Current domain search list: $nw_domain_list\"\nDNS_server_list=`cat ${isroot}/tmp/DNS_server_list`\necho \"Current DNS server list: $DNS_server_list\"\ndefault_gateway_done=`cat ${isroot}/tmp/default_gateway_done`\necho \"Current default gw done: $default_gateway_done\"\n\n#Check the matching interface name for $net_mac.\ninterfaces=`ls /sys/class/net/`\nfor iface in $interfaces\ndo\n\tmac=`cat /sys/class/net/$iface/address`\n\tif [ ${mac,,} == ${net_mac,,} ]\n\tthen\n\t\tinterface_name=$iface\n\t\techo $interface_name >> ${isroot}/tmp/interface_names\n\tfi\ndone\necho \"${isroot}/tmp/interface_names file has been modified\" \n\nif [[ -z $net_ip ]]\nthen\n\techo \"Configuring $interface_name for DHCP\"\n\tcat <<-CONF>/etc/sysconfig/network/ifcfg-$interface_name \n\t#This file created by HPE Image Streamer\n\tNAME=\"$interface_name\"\n\tDEVICE=\"$interface_name\"\n\tBOOTPROTO=\"dhcp\"\n\tSTARTMODE=auto\n\tCONF\n\techo \"/etc/sysconfig/network/ifcfg-$interface_name created for DHCP\"\nelse\n\techo \"Configuring $interface_name for static\"\n\tcat <<-CONF>/etc/sysconfig/network/ifcfg-$interface_name \n\t#This file created by HPE Image Streamer\n\tNAME=\"$interface_name\"\n\tDEVICE=\"$interface_name\"\n\tBOOTPROTO=\"static\"\n\tSTARTMODE=auto\n\tIPADDR=\"$net_ip\"\n\tNETMASK=\"$net_netmask\"\n\tCONF\n\techo \"/etc/sysconfig/network/ifcfg-$interface_name created\"\n\n\tif [[ ${nw_domain_list} != *${net_domain}* ]]; \n\tthen \n\t\tnw_domain_list=\"$nw_domain_list $net_domain\"\n\t\techo \"$nw_domain_list\" > ${isroot}/tmp/nw_domain_list\n\tfi\n\techo \"Updated domain search list: $nw_domain_list\"\n\n\tif [[ ${DNS_server_list} != *${dns1}* ]];\n\tthen \n\t\tDNS_server_list=\"$DNS_server_list $dns1\"\n\tfi\n\tif [[ ${DNS_server_list} != *${dns2}* ]];\n\tthen \n\t\tDNS_server_list=\"$DNS_server_list $dns2\"\n\tfi\n\t\n\techo \"$DNS_server_list\" > ${isroot}/tmp/DNS_server_list\n\techo \"Updated DNS server list: $DNS_server_list\"\n\n\techo \"Modifying /etc/sysconfig/network/routes for gateway\"\n\tif [[ ${default_gateway_done} == \"no\" ]]\n\tthen\n\t\tcat <<-CONF>/etc/sysconfig/network/routes\n\t\t#This file was created by HPE Image Streamer.\n\t\tdefault $gateway - -\n\t\tCONF\n\t\techo \"yes\" > ${isroot}/tmp/default_gateway_done\n\telse\n\t\tcat <<-CONF>>/etc/sysconfig/network/routes\n\t\t$gateway - -\n\t\tCONF\n\tfi\n\techo \"/etc/sysconfig/network/routes modified for: $net_ip gateway\"\nfi\n\nexit 0\nEND\n\nupload -<<END /EFI/HPE/isdeploy/scripts/02network-configuration.bash\n#! /bin/bash\n# This script was loaded by HPE Image Streamer\n# This script uses on /boot/efi/EFI/HPE/isdeploy/tmp/MgmtNIC-configure.bash\n#exec 1> >(logger -s -t $(realpath $0)) 2>&1\nexec 1> >(logger -s -t $(basename $0)) 2>&1\n\nisroot=\"/boot/efi/EFI/HPE/isdeploy\"\nNICs_count=@MgmtNICUsedTotal:1@\n\necho \"Starting network configuration script, NIC count: $NICs_count\"\n\nfor i in `seq 1 $NICs_count`\ndo\n\tif [ $i -eq 1 ];\n\tthen\n\t\techo \"Using ${isroot}/tmp/MgmtNIC-configure.bash to configure NIC @ManagementNIC1.mac@\"\n\t\tif [[ \"@ManagementNIC1.ipaddress@\" =~ [0-9]*\\.[0-9]*\\.[0-9]*\\.[0-9]* ]]; \n\t\tthen\n\t\t\tsh ${isroot}/tmp/MgmtNIC-configure.bash @ManagementNIC1.mac@ @ManagementNIC1.ipaddress@ @ManagementNIC1.netmask@ @ManagementNIC1.domain@ @ManagementNIC1.dns1@ @ManagementNIC1.dns2@  @ManagementNIC1.gateway@\n\t\telse\n\t\t\tsh ${isroot}/tmp/MgmtNIC-configure.bash @ManagementNIC1.mac@\n\t\tfi\n\telif [ $i -eq 2 ];\n\tthen\n\t\techo \"Using ${isroot}/isdeploy/tmp/MgmtNIC-configure.bash to configure NIC @ManagementNIC2.mac@\"\n\t\tif [[ \"@ManagementNIC2.ipaddress@\" =~ [0-9]*\\.[0-9]*\\.[0-9]*\\.[0-9]* ]]; \n\t\tthen\n\t\t\tsh ${isroot}/tmp/MgmtNIC-configure.bash @ManagementNIC2.mac@ @ManagementNIC2.ipaddress@ @ManagementNIC2.netmask@ @ManagementNIC2.domain@ @ManagementNIC2.dns1@ @ManagementNIC2.dns2@  @ManagementNIC2.gateway@\n\t\telse\n\t\t\tsh ${isroot}/tmp/MgmtNIC-configure.bash @ManagementNIC2.mac@\n\t\tfi\n\telif [ $i -eq 3 ];\n\tthen\n\t\techo \"Using ${isroot}/tmp/MgmtNIC-configure.bash to configure NIC @ManagementNIC3.mac@\"\n\t\tif [[ \"@ManagementNIC3.ipaddress@\" =~ [0-9]*\\.[0-9]*\\.[0-9]*\\.[0-9]* ]]; \n\t\tthen\n\t\t\tsh ${isroot}/tmp/MgmtNIC-configure.bash @ManagementNIC3.mac@ @ManagementNIC3.ipaddress@ @ManagementNIC3.netmask@ @ManagementNIC3.domain@ @ManagementNIC3.dns1@ @ManagementNIC3.dns2@  @ManagementNIC3.gateway@\n\t\telse\n\t\t\tsh ${isroot}/tmp/MgmtNIC-configure.bash @ManagementNIC4.mac@\n\t\tfi\n\telif [ $i -eq 4 ];\n\tthen\n\t\techo \"Using ${isroot}/tmp/MgmtNIC-configure.bash to configure NIC @ManagementNIC4.mac@\"\n\t\tif [[ \"@ManagementNIC4.ipaddress@\" =~ [0-9]*\\.[0-9]*\\.[0-9]*\\.[0-9]* ]]; \n\t\tthen\n\t\t\tsh ${isroot}/tmp/MgmtNIC-configure.bash @ManagementNIC4.mac@ @ManagementNIC4.ipaddress@ @ManagementNIC4.netmask@ @ManagementNIC4.domain@ @ManagementNIC4.dns1@ @ManagementNIC4.dns2@  @ManagementNIC4.gateway@\n\t\telse\n\t\t\tsh ${isroot}/tmp/MgmtNIC-configure.bash @ManagementNIC4.mac@\n\t\tfi\n\tfi\ndone\necho \"$NICs_count NICs configured\"\n\nnw_domain_list=`cat ${isroot}/tmp/nw_domain_list`\nDNS_server_list=`cat ${isroot}/tmp/DNS_server_list`\necho \"Modifying /etc/sysconfig/network/config for network domain and DNS\"\ncat <<-CONF>>/etc/sysconfig/network/config \n#\n#This file modified by HPE Image Streamer\nNETCONFIG_DNS_STATIC_SEARCHLIST=\"${nw_domain_list#?}\"\nNETCONFIG_DNS_STATIC_SERVERS=\"${DNS_server_list#?}\"\nCONF\necho \"Modified /etc/sysconfig/network/config modified for DNS\"\n\necho \"Restarting network service\"\nsystemctl restart network\n#service network restart\n\necho \"Finished NIC configure-multiple-NICs script\"\n\nexit 0\nEND","customAttributes":null,"hpProvided":true,"dependentArtifacts":null}