{"type":"OeBuildPlan","dependentArtifacts":null,"customAttributes":[],"buildStep":[{"planScriptName":"SLES-12-mount-generalize - 2017-03-15","planScriptUri":"/rest/plan-scripts/2dc42a4d-10f2-4ec2-8fa1-6f1c9eddde26","parameters":null,"serialNumber":"1"},{"planScriptName":"SLES-12-generalize-host - 2017-03-15","planScriptUri":"/rest/plan-scripts/920f4e5a-9074-414b-8adb-bb88e665ced6","parameters":null,"serialNumber":"2"},{"planScriptName":"SLES-12-generalize-network - 2017-03-15","planScriptUri":"/rest/plan-scripts/8f14de7a-a140-47cf-8082-3f8836375a2d","parameters":null,"serialNumber":"3"},{"planScriptName":"SLES-12-generalize-users - 2017-03-15","planScriptUri":"/rest/plan-scripts/dd4a496e-ba56-46f3-8655-b54758a4b61f","parameters":null,"serialNumber":"4"},{"planScriptName":"SLES-12-unmount-genralize - 2017-03-15","planScriptUri":"/rest/plan-scripts/d8e7982c-f6b9-4a38-a55c-7ee1ef841cf3","parameters":null,"serialNumber":"5"}],"eTag":null,"created":null,"modified":null,"etag":null,"hpProvided":true,"buildPlanid":"886cbd90-5cf9-41af-8144-3a06c7c00016","oeBuildPlanType":"capture","description":"","category":null,"status":null,"uri":null,"name":"SLES-12-generalize - 2017-03-15"}