{"type":"OeBuildPlan","dependentArtifacts":null,"customAttributes":[{"constraints":"{\"options\":[\"Enabled\",\"Disabled\"]}","description":"","name":"SSH","value":"Enabled","type":"option"},{"constraints":"{}","description":"","name":"NewUsers","value":"","type":"string"},{"constraints":"{}","description":"","name":"LvmVolumeName","value":"new_vol","type":"string"},{"constraints":"{\"maxlen\":\"10\"}","description":"","name":"NewUsersPassword","value":"","type":"password"},{"constraints":"{\"options\":[\"1\",\"2\",\"3\",\"4\"]}","description":"","name":"TotalMgmtNICs","value":"1","type":"option"},{"constraints":"{}","description":"","name":"DiskName","value":"/dev/sda","type":"string"},{"constraints":"{\"unit\":\"GiB\"}","description":"","name":"FirstPartitionSize","value":"10","type":"number"},{"constraints":"{\"unit\":\"GiB\"}","description":"","name":"SecondPartitionSize","value":"10","type":"number"},{"constraints":"{}","description":"","name":"LvmVolumeGroupName","value":"new_vol_group","type":"string"},{"constraints":"{}","description":"","name":"Gateway","value":"","type":"string"},{"constraints":"{}","description":"","name":"DomainName","value":"","type":"string"},{"constraints":"{}","description":"","name":"LogicalVolumeName","value":"new_vol","type":"string"},{"constraints":"{\"maxlen\":\"10\"}","description":"","name":"NewRootPassword","value":"","type":"password"},{"constraints":"{}","description":"","name":"LvmVolumeSize","value":"15","type":"string"},{"constraints":"{\"ipv4static\":true,\"ipv4dhcp\":true,\"ipv4disable\":true,\"parameters\":[\"dns1\",\"dns2\",\"domain\",\"ipaddress\",\"mac\",\"netmask\"]}","description":"","name":"ManagementNIC3","value":"","type":"nic"},{"constraints":"{\"ipv4static\":true,\"ipv4dhcp\":true,\"ipv4disable\":true,\"parameters\":[\"dns1\",\"dns2\",\"domain\",\"ipaddress\",\"mac\",\"netmask\"]}","description":"","name":"ManagementNIC4","value":"","type":"nic"},{"constraints":"{\"regex\":\"\",\"helpText\":\"\"}","description":"","name":"LogicalVolumeGroupName","value":"new_vol_group","type":"string"},{"constraints":"{\"ipv4static\":true,\"ipv4dhcp\":true,\"ipv4disable\":true,\"parameters\":[\"dns1\",\"dns2\",\"domain\",\"ipaddress\",\"mac\",\"netmask\"]}","description":"","name":"ManagementNIC1","value":"","type":"nic"},{"constraints":"{\"ipv4static\":true,\"ipv4dhcp\":true,\"ipv4disable\":true,\"parameters\":[\"dns1\",\"dns2\",\"domain\",\"ipaddress\",\"mac\",\"netmask\"]}","description":"","name":"ManagementNIC2","value":"","type":"nic"}],"buildStep":[{"planScriptName":"SLES-12-mount-and-validate - 2017-03-15","planScriptUri":"/rest/plan-scripts/0ae38299-d4f3-4231-8a96-b8555b912279","parameters":null,"serialNumber":"1"},{"planScriptName":"SLES-12-configure-multiple-NICs - 2017-03-15","planScriptUri":"/rest/plan-scripts/b61df533-3b75-41d6-8f48-8592ecd4d757","parameters":null,"serialNumber":"2"},{"planScriptName":"SLES-12-configure-users - 2017-03-15","planScriptUri":"/rest/plan-scripts/cf18947e-80c9-4a00-aec1-18a709a49cca","parameters":null,"serialNumber":"3"},{"planScriptName":"SLES-12-configure-hostname-2017-03-15","planScriptUri":"/rest/plan-scripts/164e21eb-e519-469d-92fb-403a764a7211","parameters":null,"serialNumber":"4"},{"planScriptName":"SLES-12-manage-security-services - 2017-03-15","planScriptUri":"/rest/plan-scripts/01caac34-85ab-4d94-bcae-011299077c6d","parameters":null,"serialNumber":"5"},{"planScriptName":"SLES-12-configure-partition-using-LVM - 2017-03-15","planScriptUri":"/rest/plan-scripts/2ae265a6-feb2-435c-9535-7c21b34ced5f","parameters":null,"serialNumber":"6"},{"planScriptName":"SLES-12-unmount - 2017-03-15","planScriptUri":"/rest/plan-scripts/ef57ec43-9be9-494d-b579-91cca43daca0","parameters":null,"serialNumber":"7"}],"eTag":null,"created":null,"modified":null,"etag":null,"hpProvided":true,"buildPlanid":"bab56777-08a8-4f4f-b996-7c68188b1f50","oeBuildPlanType":"deploy","description":"","category":null,"status":null,"uri":null,"name":"SLES-12-personalize-and-configure-NICs-LVM-BP-2017-03-15"}