{"type":"OeBuildPlan","dependentArtifacts":null,"customAttributes":[{"constraints":"{\"options\":[\"Enabled\",\"Disabled\"]}","description":"","name":"SSH","value":"Enabled","type":"option"},{"constraints":"{}","description":"","name":"SecondNicBondName","value":"bond1","type":"string"},{"constraints":"{}","description":"","name":"LvmVolumeName","value":"new_vol","type":"string"},{"constraints":"{}","description":"","name":"NewUsers","value":"","type":"string"},{"constraints":"{}","description":"","name":"FirstNicBondName","value":"bond0","type":"string"},{"constraints":"{\"maxlen\":\"10\"}","description":"","name":"NewUsersPassword","value":"","type":"password"},{"constraints":"{\"ipv4static\":true,\"ipv4dhcp\":false,\"ipv4disable\":false,\"parameters\":[\"mac\"]}","description":"","name":"Bond0NIC2","value":"","type":"nic"},{"constraints":"{\"ipv4static\":true,\"ipv4dhcp\":false,\"ipv4disable\":false,\"parameters\":[\"dns1\",\"dns2\",\"domain\",\"ipaddress\",\"mac\",\"netmask\"]}","description":"","name":"Bond0NIC1","value":"","type":"nic"},{"constraints":"{\"regex\":\"\",\"helpText\":\"\"}","description":"","name":"DiskName","value":"/dev/sda","type":"string"},{"constraints":"{\"unit\":\"GiB\"}","description":"","name":"FirstPartitionSize","value":"10","type":"number"},{"constraints":"{}","description":"","name":"LvmVolumeGroupName","value":"new_vol_group","type":"string"},{"constraints":"{\"unit\":\"GiB\"}","description":"","name":"SecondPartitionSize","value":"10","type":"number"},{"constraints":"{\"ipv4static\":true,\"ipv4dhcp\":false,\"ipv4disable\":false,\"parameters\":[\"dns1\",\"dns2\",\"domain\",\"ipaddress\",\"mac\",\"netmask\"]}","description":"","name":"Bond1NIC1","value":"","type":"nic"},{"constraints":"{}","description":"","name":"TotalNicbondings","value":"1","type":"string"},{"constraints":"{}","description":"","name":"LogicalVolumeName","value":"new_vol","type":"string"},{"constraints":"{}","description":"","name":"DomainName","value":"","type":"string"},{"constraints":"{}","description":"","name":"Gateway","value":"","type":"string"},{"constraints":"{\"ipv4static\":true,\"ipv4dhcp\":false,\"ipv4disable\":false,\"parameters\":[\"mac\"]}","description":"","name":"Bond1NIC2","value":"","type":"nic"},{"constraints":"{\"maxlen\":\"10\"}","description":"","name":"NewRootPassword","value":"","type":"password"},{"constraints":"{\"unit\":\"GiB\"}","description":"","name":"LvmVolumeSize","value":"15","type":"number"},{"constraints":"{}","description":"","name":"LogicalVolumeGroupName","value":"new_vol_group","type":"string"}],"buildStep":[{"planScriptName":"SLES-12-mount-and-validate - 2017-03-15","planScriptUri":"/rest/plan-scripts/0ae38299-d4f3-4231-8a96-b8555b912279","parameters":null,"serialNumber":"1"},{"planScriptName":"SLES-12-configure-multiple-NIC-bonding-2017-03-15","planScriptUri":"/rest/plan-scripts/2a89ff6c-e13e-4028-b264-aa4d05c64fce","parameters":null,"serialNumber":"2"},{"planScriptName":"SLES-12-configure-users - 2017-03-15","planScriptUri":"/rest/plan-scripts/cf18947e-80c9-4a00-aec1-18a709a49cca","parameters":null,"serialNumber":"3"},{"planScriptName":"SLES-12-configure-hostname-2017-03-15","planScriptUri":"/rest/plan-scripts/164e21eb-e519-469d-92fb-403a764a7211","parameters":null,"serialNumber":"4"},{"planScriptName":"SLES-12-manage-security-services - 2017-03-15","planScriptUri":"/rest/plan-scripts/01caac34-85ab-4d94-bcae-011299077c6d","parameters":null,"serialNumber":"5"},{"planScriptName":"SLES-12-configure-partition-using-LVM - 2017-03-15","planScriptUri":"/rest/plan-scripts/2ae265a6-feb2-435c-9535-7c21b34ced5f","parameters":null,"serialNumber":"6"},{"planScriptName":"SLES-12-unmount - 2017-03-15","planScriptUri":"/rest/plan-scripts/ef57ec43-9be9-494d-b579-91cca43daca0","parameters":null,"serialNumber":"7"}],"eTag":null,"created":null,"modified":null,"etag":null,"hpProvided":true,"buildPlanid":"c826fa73-1e7f-4715-a720-573cee589a83","oeBuildPlanType":"deploy","description":"","category":null,"status":null,"uri":null,"name":"SLES-12-personalize-and-NIC-bondings-LVM-BP - 2017-03-15"}