{"type":"PlanScript","uri":null,"category":null,"eTag":null,"created":null,"modified":null,"id":"0cc203f4-371e-490c-aa7b-8babe4d38c4c","name":"HPE-SLES15-EFI-unmount-2018-09-25","description":"Unmounts EFI partition","status":null,"state":null,"planType":"general","content":"# (c) Copyright 2019-2020 Hewlett Packard Enterprise Development LP\n#\n# Licensed under the Apache License, Version 2.0 (the \"License\");\n# you may not use this file except in compliance with the License.\n# You may obtain a copy of the License at http://www.apache.org/licenses/LICENSE-2.0\n#\n# Unless required by applicable law or agreed to in writing, software distributed\n# under the License is distributed on an \"AS IS\" BASIS, WITHOUT WARRANTIES OR\n# CONDITIONS OF ANY KIND, either express or implied. See the License for the\n# specific language governing permissions and limitations under the License.\n\n#unmount the EFI partition\n\nunmount /","customAttributes":null,"hpProvided":true,"dependentArtifacts":null}