{"type":"OeBuildPlan","uri":null,"category":null,"eTag":null,"created":null,"modified":null,"buildPlanid":"15d202f3-285a-4dfa-9be3-98376cdd155a","name":"HPE-SLES15-EFI-BONDING-2020-04-02","description":"Configures SLES 12 by staging scripts in EFI partition. (c) Copyright 2019-2020 Hewlett Packard Enterprise Development LP Licensed under the Apache License, Version 2.0 (the \"License\")","status":null,"hpProvided":true,"oeBuildPlanType":"deploy","buildStep":[{"planScriptUri":"/rest/plan-scripts/82c17659-e96b-46ea-860d-a66a8a00d467","serialNumber":"1","parameters":null,"planScriptName":"HPE-SLES15-EFI-mount-2018-09-25"},{"planScriptUri":"/rest/plan-scripts/e4cadeaa-72af-4bb6-afdb-2b5d556fc6cf","serialNumber":"2","parameters":null,"planScriptName":"HPE-SLES15-EFI-wrapper-2019-03-24"},{"planScriptUri":"/rest/plan-scripts/fcae8a6d-2f55-4ad3-abd4-a9157a359eec","serialNumber":"3","parameters":null,"planScriptName":"HPE-SLES15-EFI-ibftBonding-2020-04-02"},{"planScriptUri":"/rest/plan-scripts/8e92ebb4-5139-44de-b062-86f8fa5b10c4","serialNumber":"4","parameters":null,"planScriptName":"HPE-SLES15-EFI-configure-bonding-2019-04-25"},{"planScriptUri":"/rest/plan-scripts/24c27dc0-b3fc-4a32-8d0e-5a1b7fd3a89f","serialNumber":"5","parameters":null,"planScriptName":"HPE-SLES15-EFI-configure-hostname-2019-04-25"},{"planScriptUri":"/rest/plan-scripts/49f044df-76c3-4142-ac02-22ebbf1c1bbb","serialNumber":"6","parameters":null,"planScriptName":"HPE-SLES15-EFI-configure-users-2018-09-25"},{"planScriptUri":"/rest/plan-scripts/65fb4c1c-9504-4216-a0ce-abf79b0bbe99","serialNumber":"7","parameters":null,"planScriptName":"HPE-SLES15-EFI-manage-ssh-service-2018-05-15"},{"planScriptUri":"/rest/plan-scripts/50e4fa71-8b9f-45b8-a3cc-d4bbb88d6336","serialNumber":"8","parameters":null,"planScriptName":"HPE-SLES15-EFI-LVM-2019-05-15"},{"planScriptUri":"/rest/plan-scripts/0cc203f4-371e-490c-aa7b-8babe4d38c4c","serialNumber":"9","parameters":null,"planScriptName":"HPE-SLES15-EFI-unmount-2018-09-25"}],"customAttributes":[{"name":"NICBond0Name","description":"Name of NICBond0","value":"bond0","constraints":"{\"regex\":\"\",\"helpText\":\"\"}","type":"string"},{"name":"LvmVolumeName","description":"A name for the logical volume created on the host.","value":"new_vol","constraints":"{\"regex\":\"\",\"helpText\":\"\"}","type":"string"},{"name":"DomainName","description":"Domain name for the host.","value":"","constraints":"{\"helpText\":\"\"}","type":"fqdn"},{"name":"FirstPartitionSize","description":"A partition size for the first partition on the disk.","value":"10","constraints":"{\"unit\":\"GB\"}","type":"number"},{"name":"Bond1NIC1","description":"The mac sub-attribute is a mandatory field in NIC type custom attributes.","value":null,"constraints":"{\"ipv4static\":true,\"ipv4dhcp\":true,\"ipv4disable\":true,\"parameters\":[\"dns1\",\"dns2\",\"domain\",\"gateway\",\"ipaddress\",\"mac\",\"netmask\"]}","type":"nic"},{"name":"Bond1NIC2","description":"The mac sub-attribute is a mandatory field in NIC type custom attributes.","value":null,"constraints":"{\"ipv4static\":true,\"ipv4dhcp\":true,\"ipv4disable\":true,\"parameters\":[\"mac\"]}","type":"nic"},{"name":"SSH","description":"SSH service to enable clients to connect via SSH protocol.","value":"Enable","constraints":"{\"options\":[\"Enable\",\"Disable\"]}","type":"option"},{"name":"NewRootPassword","description":"Password for the new root user.","value":"","constraints":"{\"maxlen\":\"20\"}","type":"password"},{"name":"DiskName","description":"The disk partition prefix for e.g. \"/dev/sda\" to be able to create partitions on the volume.","value":"/dev/sda","constraints":"{\"regex\":\"\",\"helpText\":\"\"}","type":"string"},{"name":"NewUsers","description":"New user to be created on the server.","value":"","constraints":"{\"regex\":\"\",\"helpText\":\"\"}","type":"string"},{"name":"LvmVolumeSize","description":"Size for the logical volume to be created on the host.","value":"16","constraints":"{\"unit\":\"GB\"}","type":"number"},{"name":"NICBond1Name","description":"Name of NICBond1","value":"bond1","constraints":"{\"regex\":\"\",\"helpText\":\"\"}","type":"string"},{"name":"Bond0NIC1","description":"The mac sub-attribute is a mandatory field in NIC type custom attributes.","value":null,"constraints":"{\"ipv4static\":true,\"ipv4dhcp\":true,\"ipv4disable\":false,\"parameters\":[\"dns1\",\"dns2\",\"domain\",\"gateway\",\"ipaddress\",\"mac\",\"netmask\"]}","type":"nic"},{"name":"TotalNICbondings","description":"A count to keep track of the total teaming to be done on the host.","value":"1","constraints":"{\"minimum\":\"1\",\"maximum\":\"2\",\"increment\":\"1\"}","type":"number"},{"name":"Bond0NIC2","description":"The mac sub-attribute is a mandatory field in NIC type custom attributes.","value":null,"constraints":"{\"ipv4static\":true,\"ipv4dhcp\":true,\"ipv4disable\":false,\"parameters\":[\"mac\"]}","type":"nic"},{"name":"FileSystem","description":"Type of FileSystem","value":"Disabled","constraints":"{\"options\":[\"Disabled\",\"XFS\",\"BTRFS\",\"EXT4\"]}","type":"option"},{"name":"NewUsersPassword","description":"Password for the new user to be created on the server.","value":"","constraints":"{\"maxlen\":\"20\"}","type":"password"},{"name":"SecondPartitionSize","description":"A partition size for the second partition created on the volume.","value":"10","constraints":"{\"unit\":\"GB\"}","type":"number"},{"name":"HostName","description":"Hostname for RHEL host. The hostname value can be defined manually or by using the tokens. This value must conform to valid hostname requirement defined by Internet standards.","value":"","constraints":"{\"helpText\":\"\"}","type":"hostname"},{"name":"LvmVolumeGroupName","description":"A name for the logical volume group created on the host.","value":"new_vol_group","constraints":"{\"regex\":\"\",\"helpText\":\"\"}","type":"string"}],"dependentArtifacts":null}