{"type":"OeBuildPlan","uri":null,"category":null,"eTag":null,"created":null,"modified":null,"buildPlanid":"37fa8189-30a3-4430-aec6-e9f66a55705d","name":"SLES-12-personalize-and-configure-NICs-LVM-BP-2018-01-22","description":"Personalizes SLES 12 and configures NICs. (c) Copyright 2017 Hewlett Packard Enterprise Development LP Licensed under the Apache License, Version 2.0 (the \"License\");...","status":null,"hpProvided":true,"oeBuildPlanType":"deploy","buildStep":[{"planScriptUri":"/rest/plan-scripts/87cce2c2-339d-4d0d-ae1d-e71bad1624f7","serialNumber":"1","parameters":null,"planScriptName":"SLES-12-mount-and-validate - 2018-05-10"},{"planScriptUri":"/rest/plan-scripts/9e0ccd10-48b0-4d35-940c-40d335f1f281","serialNumber":"2","parameters":null,"planScriptName":"SLES-12-configure-multiple-NICs - 2017-08-08"},{"planScriptUri":"/rest/plan-scripts/26017177-6946-488e-b8e2-02b1a35d682c","serialNumber":"3","parameters":null,"planScriptName":"SLES-12-configure-users - 2018-01-22"},{"planScriptUri":"/rest/plan-scripts/a2828f97-ea2f-4c45-956c-6af29e56cd3c","serialNumber":"4","parameters":null,"planScriptName":"SLES-12-configure-hostname-2017-12-21"},{"planScriptUri":"/rest/plan-scripts/d4f4c03e-8081-4620-ac72-7b351028e00e","serialNumber":"5","parameters":null,"planScriptName":"SLES-12-manage-security-services - 2017-03-15"},{"planScriptUri":"/rest/plan-scripts/1910def5-2c7e-4a78-b36c-11f36b996f18","serialNumber":"6","parameters":null,"planScriptName":"SLES-12-configure-partition-using-LVM - 2017-03-15"},{"planScriptUri":"/rest/plan-scripts/bf84c4ef-2db4-4783-b207-d141b893eb8c","serialNumber":"7","parameters":null,"planScriptName":"SLES-12-unmount - 2017-03-15"}],"customAttributes":[{"name":"LvmVolumeName","description":"User-defined VolumeName for the LVM.","value":"new_vol","constraints":"{\"regex\":\"\",\"helpText\":\"\"}","type":"string"},{"name":"DomainName","description":"DomainName of the server.","value":"","constraints":"{\"helpText\":\"\"}","type":"fqdn"},{"name":"FirstPartitionSize","description":"User-defined size for the first partition created.","value":"10","constraints":"{\"unit\":\"GiB\"}","type":"number"},{"name":"SSH","description":"User-defined option to enable or disable SSH.","value":"Enabled","constraints":"{\"options\":[\"Enabled\",\"Disabled\"]}","type":"option"},{"name":"LogicalVolumeName","description":"User-defined logical volume name.","value":"new_vol","constraints":"{\"regex\":\"\",\"helpText\":\"\"}","type":"string"},{"name":"DiskName","description":"Name of the disk created on the user-defined partition.","value":"/dev/sda","constraints":"{\"regex\":\"\",\"helpText\":\"\"}","type":"string"},{"name":"NewRootPassword","description":"User-defined root password.","value":"","constraints":"{\"maxlen\":\"10\"}","type":"password"},{"name":"TotalMgmtNICs","description":"Total Management NIC's created on the server.","value":"1","constraints":"{\"options\":[\"1\"]}","type":"number"},{"name":"LvmVolumeSize","description":"User-defined size for the LVM volume created.","value":"15","constraints":"{\"unit\":\"GiB\"}","type":"number"},{"name":"NewUserPassword","description":"User-defined NewUser password.","value":"","constraints":"{\"maxlen\":\"10\"}","type":"password"},{"name":"LogicalVolumeGroupName","description":"User-defined GroupName for the logical volume created.","value":"new_vol_group","constraints":"{\"regex\":\"\",\"helpText\":\"\"}","type":"string"},{"name":"ManagementNIC2","description":"Management NIC attributes for NIC2.","value":null,"constraints":"{\"ipv4static\":true,\"ipv4dhcp\":false,\"ipv4disable\":false,\"parameters\":[\"dns1\",\"dns2\",\"domain\",\"gateway\",\"ipaddress\",\"mac\",\"netmask\"]}","type":"nic"},{"name":"SecondPartitionSize","description":"User-defined size for the second partition created.","value":"10","constraints":"{\"unit\":\"GiB\"}","type":"number"},{"name":"ManagementNIC1","description":"Management NIC attributes for NIC1.","value":null,"constraints":"{\"ipv4static\":true,\"ipv4dhcp\":false,\"ipv4disable\":false,\"parameters\":[\"dns1\",\"dns2\",\"domain\",\"gateway\",\"ipaddress\",\"mac\",\"netmask\"]}","type":"nic"},{"name":"ManagementNIC4","description":"Management NIC attributes for NIC4.","value":null,"constraints":"{\"ipv4static\":true,\"ipv4dhcp\":false,\"ipv4disable\":false,\"parameters\":[\"dns1\",\"dns2\",\"domain\",\"gateway\",\"ipaddress\",\"mac\",\"netmask\"]}","type":"nic"},{"name":"ManagementNIC3","description":"Management NIC attributes for NIC3.","value":null,"constraints":"{\"ipv4static\":true,\"ipv4dhcp\":false,\"ipv4disable\":false,\"parameters\":[\"dns1\",\"dns2\",\"domain\",\"gateway\",\"ipaddress\",\"mac\",\"netmask\"]}","type":"nic"},{"name":"HostName","description":"Hostname of the server.","value":"","constraints":"{\"helpText\":\"\"}","type":"hostname"},{"name":"LvmVolumeGroupName","description":"User-defined GroupName for the LVM volume created.","value":"new_vol_group","constraints":"{\"regex\":\"\",\"helpText\":\"\"}","type":"string"},{"name":"NewUser","description":"User-defined New User to be created on the server.","value":"","constraints":"{\"regex\":\"\",\"helpText\":\"\"}","type":"string"}],"dependentArtifacts":null}