{"type":"OeBuildPlan","uri":null,"category":null,"eTag":null,"created":null,"modified":null,"buildPlanid":"6c8a5ec0-f56c-4c88-9394-3a1889c96c6e","name":"SLES-12-personalize-and-NIC-bondings-LVM-BP-2018-08-16","description":"Personalizes SLES 12 and configures NIC bondings (c) Copyright 2017 Hewlett Packard Enterprise Development LP Licensed under the Apache License, Version 2.0 (the \"License\");...","status":null,"hpProvided":true,"oeBuildPlanType":"deploy","buildStep":[{"planScriptUri":"/rest/plan-scripts/87cce2c2-339d-4d0d-ae1d-e71bad1624f7","serialNumber":"1","parameters":null,"planScriptName":"SLES-12-mount-and-validate - 2018-05-10"},{"planScriptUri":"/rest/plan-scripts/c6445f84-fb48-4ef6-ae58-6a2d5551d979","serialNumber":"2","parameters":null,"planScriptName":"SLES-12-configure-multiple-NIC-bonding-2018-08-16"},{"planScriptUri":"/rest/plan-scripts/26017177-6946-488e-b8e2-02b1a35d682c","serialNumber":"3","parameters":null,"planScriptName":"SLES-12-configure-users - 2018-01-22"},{"planScriptUri":"/rest/plan-scripts/a2828f97-ea2f-4c45-956c-6af29e56cd3c","serialNumber":"4","parameters":null,"planScriptName":"SLES-12-configure-hostname-2017-12-21"},{"planScriptUri":"/rest/plan-scripts/d4f4c03e-8081-4620-ac72-7b351028e00e","serialNumber":"5","parameters":null,"planScriptName":"SLES-12-manage-security-services - 2017-03-15"},{"planScriptUri":"/rest/plan-scripts/1910def5-2c7e-4a78-b36c-11f36b996f18","serialNumber":"6","parameters":null,"planScriptName":"SLES-12-configure-partition-using-LVM - 2017-03-15"},{"planScriptUri":"/rest/plan-scripts/bf84c4ef-2db4-4783-b207-d141b893eb8c","serialNumber":"7","parameters":null,"planScriptName":"SLES-12-unmount - 2017-03-15"}],"customAttributes":[{"name":"NICBond0Name","description":"","value":"bond0","constraints":"{}","type":"string"},{"name":"LvmVolumeName","description":"User-defined LVM volume name.","value":"new_vol","constraints":"{\"regex\":\"\",\"helpText\":\"\"}","type":"string"},{"name":"DomainName","description":"DomainName of the server.","value":"","constraints":"{\"helpText\":\"\"}","type":"fqdn"},{"name":"FirstPartitionSize","description":"User-defined Partition size of the disk.","value":"10","constraints":"{\"unit\":\"GiB\"}","type":"number"},{"name":"Bond1NIC1","description":"","value":null,"constraints":"{\"ipv4static\":true,\"ipv4dhcp\":true,\"ipv4disable\":true,\"parameters\":[\"dns1\",\"dns2\",\"domain\",\"gateway\",\"ipaddress\",\"mac\",\"netmask\"]}","type":"nic"},{"name":"Bond1NIC2","description":"","value":null,"constraints":"{\"ipv4static\":true,\"ipv4dhcp\":true,\"ipv4disable\":true,\"parameters\":[\"mac\"]}","type":"nic"},{"name":"SSH","description":"User-defined option to enable or disable SSH.","value":"Enabled","constraints":"{\"options\":[\"Enabled\",\"Disabled\"]}","type":"option"},{"name":"LogicalVolumeName","description":"User-defined Name for the logical volume created.","value":"new_vol","constraints":"{\"regex\":\"\",\"helpText\":\"\"}","type":"string"},{"name":"DiskName","description":"User-defined DiskName.","value":"/dev/sda","constraints":"{\"regex\":\"\",\"helpText\":\"\"}","type":"string"},{"name":"NewRootPassword","description":"User-defined root password.","value":"","constraints":"{\"maxlen\":\"10\"}","type":"password"},{"name":"LvmVolumeSize","description":"User-defined Size for the LVM volume created.","value":"15","constraints":"{\"unit\":\"GiB\"}","type":"number"},{"name":"NICBond1Name","description":"","value":"bond1","constraints":"{}","type":"string"},{"name":"NewUserPassword","description":"User-defined new user password on the server.","value":"","constraints":"{\"maxlen\":\"10\"}","type":"password"},{"name":"Bond0NIC1","description":"","value":null,"constraints":"{\"ipv4static\":true,\"ipv4dhcp\":true,\"ipv4disable\":true,\"parameters\":[\"dns1\",\"dns2\",\"domain\",\"gateway\",\"ipaddress\",\"mac\",\"netmask\"]}","type":"nic"},{"name":"LogicalVolumeGroupName","description":"User-defined Group Name for the logical volume created.","value":"new_vol_group","constraints":"{\"regex\":\"\",\"helpText\":\"\"}","type":"string"},{"name":"TotalNICbondings","description":"","value":"1","constraints":"{}","type":"string"},{"name":"Bond0NIC2","description":"","value":null,"constraints":"{\"ipv4static\":true,\"ipv4dhcp\":true,\"ipv4disable\":true,\"parameters\":[\"mac\"]}","type":"nic"},{"name":"SecondPartitionSize","description":"User-defined Partition size of the disk.","value":"10","constraints":"{\"unit\":\"GiB\"}","type":"number"},{"name":"HostName","description":"HostName of the server.","value":"","constraints":"{\"helpText\":\"\"}","type":"hostname"},{"name":"LvmVolumeGroupName","description":"User-defined LVM group name.","value":"new_vol_group","constraints":"{\"regex\":\"\",\"helpText\":\"\"}","type":"string"},{"name":"NewUser","description":"User-defined new user created on the server.","value":"","constraints":"{\"regex\":\"\",\"helpText\":\"\"}","type":"string"}],"dependentArtifacts":null}