{"type":"OeBuildPlan","uri":null,"category":null,"eTag":null,"created":null,"modified":null,"buildPlanid":"b54d68e9-053f-4711-b6ae-f2d052e88881","name":"SLES-12-generalize-2018-05-10","description":"Removes personalization settings from SLES 12.\n\n(c) Copyright 2018 Hewlett Packard Enterprise Development LP\n\nLicensed under the Apache License, Version 2.0 (the \"License\");...","status":null,"hpProvided":true,"oeBuildPlanType":"capture","buildStep":[{"planScriptUri":"/rest/plan-scripts/dc5fbf4b-d46c-4313-a33d-9e7ce6bb8d72","serialNumber":"1","parameters":null,"planScriptName":"SLES-12-mount-generalize - 2018-05-10"},{"planScriptUri":"/rest/plan-scripts/691a8a71-70fc-46cb-9700-623323b042a9","serialNumber":"2","parameters":null,"planScriptName":"SLES-12-generalize-host - 2017-03-15"},{"planScriptUri":"/rest/plan-scripts/1a07b2f6-1890-4752-b3c7-511b8d16f36e","serialNumber":"3","parameters":null,"planScriptName":"SLES-12-generalize-network - 2017-03-15"},{"planScriptUri":"/rest/plan-scripts/09b175b4-bd62-4b1b-bbdf-74f8667b40dc","serialNumber":"4","parameters":null,"planScriptName":"SLES-12-generalize-users - 2017-03-15"},{"planScriptUri":"/rest/plan-scripts/ba91e352-5798-4103-a5b6-7dde61577c1a","serialNumber":"5","parameters":null,"planScriptName":"SLES-12-unmount-genralize - 2017-03-15"}],"customAttributes":[],"dependentArtifacts":null}