{"type":"PlanScript","uri":null,"category":null,"eTag":null,"created":null,"modified":null,"id":"ba91e352-5798-4103-a5b6-7dde61577c1a","name":"SLES-12-unmount-genralize - 2017-03-15","description":"unmount volume after generalization","status":null,"state":null,"planType":"capture","content":"# (c) Copyright 2017 Hewlett Packard Enterprise Development LP\n#\n# Licensed under the Apache License, Version 2.0 (the \"License\");\n# you may not use this file except in compliance with the License.\n# You may obtain a copy of the License at http://www.apache.org/licenses/LICENSE-2.0\n#\n# Unless required by applicable law or agreed to in writing, software distributed\n# under the License is distributed on an \"AS IS\" BASIS, WITHOUT WARRANTIES OR\n# CONDITIONS OF ANY KIND, either express or implied. See the License for the\n# specific language governing permissions and limitations under the License.\n\n#Remove the temporary directpory created\nrm-rf /tmp/ImageStreamer\n\n#unmount the root partition\n\nunmount /","customAttributes":null,"hpProvided":true,"dependentArtifacts":null}