{"type":"OeBuildPlan","uri":null,"category":null,"eTag":null,"created":null,"modified":null,"buildPlanid":"1051b0d3-33e5-4e47-813f-a45207c8b1be","name":"SLES-12-generalize-2018-05-10","description":"Removes personalization settings from SLES 12.\n\n(c) Copyright 2017 Hewlett Packard Enterprise Development LP\n\nLicensed under the Apache License, Version 2.0 (the \"License\");...","status":null,"hpProvided":true,"oeBuildPlanType":"capture","buildStep":[{"planScriptUri":"/rest/plan-scripts/c439aeab-cc66-4d82-91b7-1f0387952783","serialNumber":"1","parameters":null,"planScriptName":"SLES-12-mount-generalize - 2018-05-10"},{"planScriptUri":"/rest/plan-scripts/07c7c4ba-1743-413a-9edb-f9d908d8ef5a","serialNumber":"2","parameters":null,"planScriptName":"SLES-12-generalize-host - 2017-03-15"},{"planScriptUri":"/rest/plan-scripts/0c15b12d-5b83-4c1a-ad1f-da3a81ac3791","serialNumber":"3","parameters":null,"planScriptName":"SLES-12-generalize-network - 2017-03-15"},{"planScriptUri":"/rest/plan-scripts/3d7da958-da33-4d3a-9fc2-06e24ba8dcd7","serialNumber":"4","parameters":null,"planScriptName":"SLES-12-generalize-users - 2017-03-15"},{"planScriptUri":"/rest/plan-scripts/b7e60065-b693-4488-9373-474423fc8a61","serialNumber":"5","parameters":null,"planScriptName":"SLES-12-unmount-genralize - 2017-03-15"}],"customAttributes":[],"dependentArtifacts":null}