{"type":"PlanScript","uri":null,"category":null,"eTag":null,"created":null,"modified":null,"id":"c439aeab-cc66-4d82-91b7-1f0387952783","name":"SLES-12-mount-generalize - 2018-05-10","description":"mount volume for generalization","status":null,"state":null,"planType":"capture","content":"# (c) Copyright 2018 Hewlett Packard Enterprise Development LP\n#\n# Licensed under the Apache License, Version 2.0 (the \"License\");\n# you may not use this file except in compliance with the License.\n# You may obtain a copy of the License at http://www.apache.org/licenses/LICENSE-2.0\n#\n# Unless required by applicable law or agreed to in writing, software distributed\n# under the License is distributed on an \"AS IS\" BASIS, WITHOUT WARRANTIES OR\n# CONDITIONS OF ANY KIND, either express or implied. See the License for the\n# specific language governing permissions and limitations under the License.\n\n# List the Volume Group and lvols:\nvgs\nlvs\nlist-filesystems\n\n# Mount the root partition\nmount /dev/sda3 /\n\n#Create temporary directory\nmkdir-p /tmp/ImageStreamer","customAttributes":null,"hpProvided":true,"dependentArtifacts":null}