{"type":"OeBuildPlan","uri":null,"category":null,"eTag":null,"created":null,"modified":null,"buildPlanid":"e471d029-12dd-4ff5-a495-2962263073d0","name":"SLES-12-personalize-and-NIC-bondings-LVM-BP-2018-05-10","description":"Personalizes SLES 12 and configures NIC bondings (c) Copyright 2017 Hewlett Packard Enterprise Development LP Licensed under the Apache License, Version 2.0 (the \"License\");...","status":null,"hpProvided":true,"oeBuildPlanType":"deploy","buildStep":[{"planScriptUri":"/rest/plan-scripts/0ffe6dfc-c932-4aa2-ae14-5de719e915fc","serialNumber":"1","parameters":null,"planScriptName":"SLES-12-mount-and-validate - 2018-05-10"},{"planScriptUri":"/rest/plan-scripts/948438b2-9f2d-4b02-a646-eec3941b44bc","serialNumber":"2","parameters":null,"planScriptName":"SLES-12-configure-multiple-NIC-bonding-2018-01-22"},{"planScriptUri":"/rest/plan-scripts/6dac7c3b-25f6-4167-8ce2-b0356d99b166","serialNumber":"3","parameters":null,"planScriptName":"SLES-12-configure-users - 2018-01-22"},{"planScriptUri":"/rest/plan-scripts/f27fb5b4-26dd-49fb-a084-87ab08cf1ab3","serialNumber":"4","parameters":null,"planScriptName":"SLES-12-configure-hostname-2017-12-21"},{"planScriptUri":"/rest/plan-scripts/ef203053-9c38-460f-94da-1b508f1a4756","serialNumber":"5","parameters":null,"planScriptName":"SLES-12-manage-security-services - 2017-03-15"},{"planScriptUri":"/rest/plan-scripts/82e0b357-df4a-4f15-bf9e-3fe0faf77e40","serialNumber":"6","parameters":null,"planScriptName":"SLES-12-configure-partition-using-LVM - 2017-03-15"},{"planScriptUri":"/rest/plan-scripts/b661b739-804c-4a9c-be8d-186afa93dfd1","serialNumber":"7","parameters":null,"planScriptName":"SLES-12-unmount - 2017-03-15"}],"customAttributes":[{"name":"NICBond0Name","description":"User-defined NIC1 Bond Name.","value":"bond0","constraints":"{\"regex\":\"\",\"helpText\":\"\"}","type":"string"},{"name":"LvmVolumeName","description":"User-defined LVM volume name.","value":"new_vol","constraints":"{\"regex\":\"\",\"helpText\":\"\"}","type":"string"},{"name":"DomainName","description":"DomainName of the server.","value":"","constraints":"{\"helpText\":\"\"}","type":"fqdn"},{"name":"FirstPartitionSize","description":"User-defined Partition size of the disk.","value":"10","constraints":"{\"unit\":\"GiB\"}","type":"number"},{"name":"Bond1NIC1","description":"NIC Configuration for Bond1.","value":null,"constraints":"{\"ipv4static\":true,\"ipv4dhcp\":false,\"ipv4disable\":false,\"parameters\":[\"dns1\",\"dns2\",\"domain\",\"gateway\",\"ipaddress\",\"mac\",\"netmask\"]}","type":"nic"},{"name":"Bond1NIC2","description":"NIC Configuration for Bond1.","value":null,"constraints":"{\"ipv4static\":true,\"ipv4dhcp\":false,\"ipv4disable\":false,\"parameters\":[\"mac\"]}","type":"nic"},{"name":"SSH","description":"User-defined option to enable or disable SSH.","value":"Enabled","constraints":"{\"options\":[\"Enabled\",\"Disabled\"]}","type":"option"},{"name":"LogicalVolumeName","description":"User-defined Name for the logical volume created.","value":"new_vol","constraints":"{\"regex\":\"\",\"helpText\":\"\"}","type":"string"},{"name":"DiskName","description":"User-defined DiskName.","value":"/dev/sda","constraints":"{\"regex\":\"\",\"helpText\":\"\"}","type":"string"},{"name":"NewRootPassword","description":"User-defined root password.","value":"","constraints":"{\"maxlen\":\"10\"}","type":"password"},{"name":"LvmVolumeSize","description":"User-defined Size for the LVM volume created.","value":"15","constraints":"{\"unit\":\"GiB\"}","type":"number"},{"name":"NICBond1Name","description":"User-defined NIC2 Bond Name.","value":"bond1","constraints":"{\"regex\":\"\",\"helpText\":\"\"}","type":"string"},{"name":"Bond0NIC1","description":"NIC Configuration for Bond0.","value":null,"constraints":"{\"ipv4static\":true,\"ipv4dhcp\":false,\"ipv4disable\":false,\"parameters\":[\"dns1\",\"dns2\",\"domain\",\"gateway\",\"ipaddress\",\"mac\",\"netmask\"]}","type":"nic"},{"name":"NewUserPassword","description":"User-defined new user password on the server.","value":"","constraints":"{\"maxlen\":\"10\"}","type":"password"},{"name":"LogicalVolumeGroupName","description":"User-defined Group Name for the logical volume created.","value":"new_vol_group","constraints":"{\"regex\":\"\",\"helpText\":\"\"}","type":"string"},{"name":"TotalNICbondings","description":"Total NIC Bondings created on the server.","value":"1","constraints":"{}","type":"number"},{"name":"Bond0NIC2","description":"NIC Configuration for Bond0.","value":null,"constraints":"{\"ipv4static\":true,\"ipv4dhcp\":false,\"ipv4disable\":false,\"parameters\":[\"mac\"]}","type":"nic"},{"name":"SecondPartitionSize","description":"User-defined Partition size of the disk.","value":"10","constraints":"{\"unit\":\"GiB\"}","type":"number"},{"name":"HostName","description":"HostName for SLES host. The hostname value can be defined manually or by using the tokens. This value must conform to valid hostname requirement defined by Internet standards.","value":"","constraints":"{\"helpText\":\"\"}","type":"hostname"},{"name":"LvmVolumeGroupName","description":"User-defined LVM group name.","value":"new_vol_group","constraints":"{\"regex\":\"\",\"helpText\":\"\"}","type":"string"},{"name":"NewUser","description":"User-defined new user created on the server.","value":"","constraints":"{\"regex\":\"\",\"helpText\":\"\"}","type":"string"}],"dependentArtifacts":null}