{"type":"PlanScript","uri":null,"category":null,"eTag":null,"created":null,"modified":null,"id":"f27fb5b4-26dd-49fb-a084-87ab08cf1ab3","name":"SLES-12-configure-hostname-2017-12-21","description":"configure hostname","status":null,"state":null,"planType":"deploy","content":"# (c) Copyright 2017 Hewlett Packard Enterprise Development LP\n#\n# Licensed under the Apache License, Version 2.0 (the \"License\");\n# you may not use this file except in compliance with the License.\n# You may obtain a copy of the License at http://www.apache.org/licenses/LICENSE-2.0\n#\n# Unless required by applicable law or agreed to in writing, software distributed\n# under the License is distributed on an \"AS IS\" BASIS, WITHOUT WARRANTIES OR\n# CONDITIONS OF ANY KIND, either express or implied. See the License for the\n# specific language governing permissions and limitations under the License.\n\n# Update hostname\nupload -<<END /etc/hostname\n@HostName@\nEND\n\n# Update /etc/hosts file\nupload -<<END /tmp/update_hosts\n#!/bin/bash\nifaces=`cat /tmp/interface_names`\nrm -f /tmp/interface_names\nread -r -a array <<< $ifaces\niface=${array[0]}\nsleep 5s\nip_address=`/sbin/ifconfig $iface | grep 'inet addr' | cut -d: -f2 | gawk '{print $1}'`\nfqdn=@HostName@.@DomainName@\nalias=`echo \"$fqdn\" | gawk -F'[.]' '{print $1}'`\nsed -i -e \"/127.0.0.1/a\\\\$ip_address $fqdn $alias\" /etc/hosts\nsed -i \"/127.0.0.1/a\\\\#This file has been altered by Image Streamer.\" /etc/hosts\nunlink $0\nEND\n\n#Add script to after.local to run on startup.\n!echo \"sh /tmp/update_hosts\" >> ./after.local","customAttributes":null,"hpProvided":true,"dependentArtifacts":null}