{"type":"OeBuildPlan","uri":null,"category":null,"eTag":null,"created":null,"modified":null,"buildPlanid":"50551546-04b8-447a-8b96-458c7ca0a061","name":"SLES-12-generalize-2018-05-10","description":"Removes personalization settings from SLES 12.\n\n(c) Copyright 2017 Hewlett Packard Enterprise Development LP\n\nLicensed under the Apache License, Version 2.0 (the \"License\");...","status":null,"hpProvided":true,"oeBuildPlanType":"capture","buildStep":[{"planScriptUri":"/rest/plan-scripts/68019d92-b03a-4cfc-917d-a174baa8e2e8","serialNumber":"1","parameters":null,"planScriptName":"SLES-12-mount-generalize - 2018-05-10"},{"planScriptUri":"/rest/plan-scripts/ac604fe0-020d-4d39-a134-2f328de13593","serialNumber":"2","parameters":null,"planScriptName":"SLES-12-generalize-host - 2017-03-15"},{"planScriptUri":"/rest/plan-scripts/388acd6b-5f6e-46c8-b2cd-ea3e6c4f75fb","serialNumber":"3","parameters":null,"planScriptName":"SLES-12-generalize-network - 2017-03-15"},{"planScriptUri":"/rest/plan-scripts/537ecf76-9a4b-43c9-b06a-1cbb81759db6","serialNumber":"4","parameters":null,"planScriptName":"SLES-12-generalize-users - 2017-03-15"},{"planScriptUri":"/rest/plan-scripts/7c57b795-2d2e-4605-a55d-8cb7bafe2839","serialNumber":"5","parameters":null,"planScriptName":"SLES-12-unmount-genralize - 2017-03-15"}],"customAttributes":[],"dependentArtifacts":null}