{"type":"OeBuildPlan","uri":null,"category":null,"eTag":null,"created":null,"modified":null,"buildPlanid":"cf278b3d-adc6-48ae-80d1-6eb21bc0e080","name":"SLES-12-personalize-and-NIC-bondings-LVM-BP-2018-08-16","description":"Personalizes SLES 12 and configures NIC bondings (c) Copyright 2017 Hewlett Packard Enterprise Development LP Licensed under the Apache License, Version 2.0 (the \"License\");...","status":null,"hpProvided":true,"oeBuildPlanType":"deploy","buildStep":[{"planScriptUri":"/rest/plan-scripts/1aa9cdfb-dbfc-4972-8c02-9db5b9c79467","serialNumber":"1","parameters":null,"planScriptName":"SLES-12-mount-and-validate - 2018-05-10"},{"planScriptUri":"/rest/plan-scripts/ec8e85f6-412b-4611-994c-7b296ffd0c3b","serialNumber":"2","parameters":null,"planScriptName":"SLES-12-configure-multiple-NIC-bonding-2018-08-16"},{"planScriptUri":"/rest/plan-scripts/4549b981-1b63-4290-898a-26fedfcf69d7","serialNumber":"3","parameters":null,"planScriptName":"SLES-12-configure-users - 2018-01-22"},{"planScriptUri":"/rest/plan-scripts/ef4042dd-7684-4e0a-b27e-7722a48a91cd","serialNumber":"4","parameters":null,"planScriptName":"SLES-12-configure-hostname-2017-12-21"},{"planScriptUri":"/rest/plan-scripts/4b4ab67d-cc54-4729-aa00-d5f42f24c021","serialNumber":"5","parameters":null,"planScriptName":"SLES-12-manage-security-services - 2017-03-15"},{"planScriptUri":"/rest/plan-scripts/c8a163a9-e443-43ae-8ace-9b85f7ef6cd2","serialNumber":"6","parameters":null,"planScriptName":"SLES-12-configure-partition-using-LVM - 2017-03-15"},{"planScriptUri":"/rest/plan-scripts/d756e9bb-8c7c-4826-b068-8c96d308b8c9","serialNumber":"7","parameters":null,"planScriptName":"SLES-12-unmount - 2017-03-15"}],"customAttributes":[{"name":"NICBond0Name","description":"","value":"bond0","constraints":"{}","type":"string"},{"name":"LvmVolumeName","description":"User-defined LVM volume name.","value":"new_vol","constraints":"{\"regex\":\"\",\"helpText\":\"\"}","type":"string"},{"name":"DomainName","description":"DomainName of the server.","value":"","constraints":"{\"helpText\":\"\"}","type":"fqdn"},{"name":"FirstPartitionSize","description":"User-defined Partition size of the disk.","value":"10","constraints":"{\"unit\":\"GiB\"}","type":"number"},{"name":"Bond1NIC1","description":"","value":null,"constraints":"{\"ipv4static\":true,\"ipv4dhcp\":true,\"ipv4disable\":true,\"parameters\":[\"dns1\",\"dns2\",\"domain\",\"gateway\",\"ipaddress\",\"mac\",\"netmask\"]}","type":"nic"},{"name":"Bond1NIC2","description":"","value":null,"constraints":"{\"ipv4static\":true,\"ipv4dhcp\":true,\"ipv4disable\":true,\"parameters\":[\"mac\"]}","type":"nic"},{"name":"SSH","description":"User-defined option to enable or disable SSH.","value":"Enabled","constraints":"{\"options\":[\"Enabled\",\"Disabled\"]}","type":"option"},{"name":"LogicalVolumeName","description":"User-defined Name for the logical volume created.","value":"new_vol","constraints":"{\"regex\":\"\",\"helpText\":\"\"}","type":"string"},{"name":"DiskName","description":"User-defined DiskName.","value":"/dev/sda","constraints":"{\"regex\":\"\",\"helpText\":\"\"}","type":"string"},{"name":"NewRootPassword","description":"User-defined root password.","value":"","constraints":"{\"maxlen\":\"10\"}","type":"password"},{"name":"LvmVolumeSize","description":"User-defined Size for the LVM volume created.","value":"15","constraints":"{\"unit\":\"GiB\"}","type":"number"},{"name":"NICBond1Name","description":"","value":"bond1","constraints":"{}","type":"string"},{"name":"NewUserPassword","description":"User-defined new user password on the server.","value":"","constraints":"{\"maxlen\":\"10\"}","type":"password"},{"name":"Bond0NIC1","description":"","value":null,"constraints":"{\"ipv4static\":true,\"ipv4dhcp\":true,\"ipv4disable\":true,\"parameters\":[\"dns1\",\"dns2\",\"domain\",\"gateway\",\"ipaddress\",\"mac\",\"netmask\"],\"options\":[null]}","type":"nic"},{"name":"LogicalVolumeGroupName","description":"User-defined Group Name for the logical volume created.","value":"new_vol_group","constraints":"{\"regex\":\"\",\"helpText\":\"\"}","type":"string"},{"name":"TotalNICbondings","description":"","value":"1","constraints":"{}","type":"string"},{"name":"Bond0NIC2","description":"","value":null,"constraints":"{\"ipv4static\":true,\"ipv4dhcp\":true,\"ipv4disable\":true,\"parameters\":[\"mac\"]}","type":"nic"},{"name":"SecondPartitionSize","description":"User-defined Partition size of the disk.","value":"10","constraints":"{\"unit\":\"GiB\"}","type":"number"},{"name":"HostName","description":"HostName for SLES host. The hostname value can be defined manually or by using the tokens. This value must conform to valid hostname requirement defined by Internet standards.","value":"","constraints":"{\"helpText\":\"\"}","type":"hostname"},{"name":"LvmVolumeGroupName","description":"User-defined LVM group name.","value":"new_vol_group","constraints":"{\"regex\":\"\",\"helpText\":\"\"}","type":"string"},{"name":"NewUser","description":"User-defined new user created on the server.","value":"","constraints":"{\"regex\":\"\",\"helpText\":\"\"}","type":"string"}],"dependentArtifacts":null}