{"type":"PlanScript","uri":null,"category":null,"eTag":null,"created":null,"modified":null,"id":"d756e9bb-8c7c-4826-b068-8c96d308b8c9","name":"SLES-12-unmount - 2017-03-15","description":"unmount partition after personalization","status":null,"state":null,"planType":"general","content":"# (c) Copyright 2017 Hewlett Packard Enterprise Development LP\n#\n# Licensed under the Apache License, Version 2.0 (the \"License\");\n# you may not use this file except in compliance with the License.\n# You may obtain a copy of the License at http://www.apache.org/licenses/LICENSE-2.0\n#\n# Unless required by applicable law or agreed to in writing, software distributed\n# under the License is distributed on an \"AS IS\" BASIS, WITHOUT WARRANTIES OR\n# CONDITIONS OF ANY KIND, either express or implied. See the License for the\n# specific language governing permissions and limitations under the License.\n\n!echo \"mv -f /etc/init.d/after.local.backup /etc/init.d/after.local\" >> ./after.local\n\n#upload after.local\nupload ./after.local /etc/init.d/after.local\nchmod 755 /etc/init.d/after.local\n#Upload backup file.\nupload ./after.local.backup /etc/init.d/after.local.backup\n\necho \"####\"\ncat /etc/init.d/after.local\necho \"####\"\n\n#Remove the temporary directpory created\nrm-rf /tmp/ImageStreamer\n\n#unmount the root partition\n\nunmount /","customAttributes":null,"hpProvided":true,"dependentArtifacts":null}