{"type":"OeBuildPlan","uri":null,"category":null,"eTag":null,"created":null,"modified":null,"buildPlanid":"fb3c6145-b1d5-4b74-80ba-d51a0554172c","name":"SLES-12-personalize-and-configure-NICs-LVM-BP-2018-05-10","description":"Personalizes SLES 12 and configures NICs. (c) Copyright 2017 Hewlett Packard Enterprise Development LP Licensed under the Apache License, Version 2.0 (the \"License\");...","status":null,"hpProvided":true,"oeBuildPlanType":"deploy","buildStep":[{"planScriptUri":"/rest/plan-scripts/1aa9cdfb-dbfc-4972-8c02-9db5b9c79467","serialNumber":"1","parameters":null,"planScriptName":"SLES-12-mount-and-validate - 2018-05-10"},{"planScriptUri":"/rest/plan-scripts/29562bb3-687e-4709-a91c-71ae5b0676ff","serialNumber":"2","parameters":null,"planScriptName":"SLES-12-configure-multiple-NICs - 2017-08-08"},{"planScriptUri":"/rest/plan-scripts/4549b981-1b63-4290-898a-26fedfcf69d7","serialNumber":"3","parameters":null,"planScriptName":"SLES-12-configure-users - 2018-01-22"},{"planScriptUri":"/rest/plan-scripts/ef4042dd-7684-4e0a-b27e-7722a48a91cd","serialNumber":"4","parameters":null,"planScriptName":"SLES-12-configure-hostname-2017-12-21"},{"planScriptUri":"/rest/plan-scripts/4b4ab67d-cc54-4729-aa00-d5f42f24c021","serialNumber":"5","parameters":null,"planScriptName":"SLES-12-manage-security-services - 2017-03-15"},{"planScriptUri":"/rest/plan-scripts/c8a163a9-e443-43ae-8ace-9b85f7ef6cd2","serialNumber":"6","parameters":null,"planScriptName":"SLES-12-configure-partition-using-LVM - 2017-03-15"},{"planScriptUri":"/rest/plan-scripts/d756e9bb-8c7c-4826-b068-8c96d308b8c9","serialNumber":"7","parameters":null,"planScriptName":"SLES-12-unmount - 2017-03-15"}],"customAttributes":[{"name":"LvmVolumeName","description":"User-defined VolumeName for the LVM.","value":"new_vol","constraints":"{\"regex\":\"\",\"helpText\":\"\"}","type":"string"},{"name":"DomainName","description":"DomainName of the server.","value":"","constraints":"{\"helpText\":\"\"}","type":"fqdn"},{"name":"FirstPartitionSize","description":"User-defined size for the first partition created.","value":"10","constraints":"{\"unit\":\"GiB\"}","type":"number"},{"name":"SSH","description":"User-defined option to enable or disable SSH.","value":"Enabled","constraints":"{\"options\":[\"Enabled\",\"Disabled\"]}","type":"option"},{"name":"LogicalVolumeName","description":"User-defined logical volume name.","value":"new_vol","constraints":"{\"regex\":\"\",\"helpText\":\"\"}","type":"string"},{"name":"DiskName","description":"Name of the disk created on the user-defined partition.","value":"/dev/sda","constraints":"{\"regex\":\"\",\"helpText\":\"\"}","type":"string"},{"name":"NewRootPassword","description":"User-defined root password.","value":"","constraints":"{\"maxlen\":\"10\"}","type":"password"},{"name":"TotalMgmtNICs","description":"Total Management NIC's created on the server.","value":"1","constraints":"{\"options\":[\"1\"]}","type":"number"},{"name":"LvmVolumeSize","description":"User-defined size for the LVM volume created.","value":"15","constraints":"{\"unit\":\"GiB\"}","type":"number"},{"name":"NewUserPassword","description":"User-defined NewUser password.","value":"","constraints":"{\"maxlen\":\"10\"}","type":"password"},{"name":"LogicalVolumeGroupName","description":"User-defined GroupName for the logical volume created.","value":"new_vol_group","constraints":"{\"regex\":\"\",\"helpText\":\"\"}","type":"string"},{"name":"ManagementNIC2","description":"Management NIC attributes for NIC2.","value":null,"constraints":"{\"ipv4static\":true,\"ipv4dhcp\":false,\"ipv4disable\":false,\"parameters\":[\"dns1\",\"dns2\",\"domain\",\"gateway\",\"ipaddress\",\"mac\",\"netmask\"]}","type":"nic"},{"name":"SecondPartitionSize","description":"User-defined size for the second partition created.","value":"10","constraints":"{\"unit\":\"GiB\"}","type":"number"},{"name":"ManagementNIC1","description":"Management NIC attributes for NIC1.","value":null,"constraints":"{\"ipv4static\":true,\"ipv4dhcp\":false,\"ipv4disable\":false,\"parameters\":[\"dns1\",\"dns2\",\"domain\",\"gateway\",\"ipaddress\",\"mac\",\"netmask\"]}","type":"nic"},{"name":"ManagementNIC4","description":"Management NIC attributes for NIC4.","value":null,"constraints":"{\"ipv4static\":true,\"ipv4dhcp\":false,\"ipv4disable\":false,\"parameters\":[\"dns1\",\"dns2\",\"domain\",\"gateway\",\"ipaddress\",\"mac\",\"netmask\"]}","type":"nic"},{"name":"ManagementNIC3","description":"Management NIC attributes for NIC3.","value":null,"constraints":"{\"ipv4static\":true,\"ipv4dhcp\":false,\"ipv4disable\":false,\"parameters\":[\"dns1\",\"dns2\",\"domain\",\"gateway\",\"ipaddress\",\"mac\",\"netmask\"]}","type":"nic"},{"name":"HostName","description":"Hostname for SLES host. The hostname value can be defined manually or by using the tokens. This value must conform to valid hostname requirement defined by Internet standards.","value":"","constraints":"{\"helpText\":\"\"}","type":"hostname"},{"name":"LvmVolumeGroupName","description":"User-defined GroupName for the LVM volume created.","value":"new_vol_group","constraints":"{\"regex\":\"\",\"helpText\":\"\"}","type":"string"},{"name":"NewUser","description":"User-defined New User to be created on the server.","value":"","constraints":"{\"regex\":\"\",\"helpText\":\"\"}","type":"string"}],"dependentArtifacts":null}