{"type":"OeBuildPlan","dependentArtifacts":null,"customAttributes":[{"constraints":"{\"options\":[\"Enabled\",\"Disabled\"]}","description":"","name":"SSH","value":"Enabled","type":"option"},{"constraints":"{}","description":"","name":"SecondNicBondName","value":"bond1","type":"string"},{"constraints":"{}","description":"","name":"NewUsers","value":"","type":"string"},{"constraints":"{}","description":"","name":"LvmVolumeName","value":"new_vol","type":"string"},{"constraints":"{\"maxlen\":\"10\"}","description":"","name":"NewUsersPassword","value":"","type":"password"},{"constraints":"{}","description":"","name":"FirstNicBondName","value":"bond0","type":"string"},{"constraints":"{\"ipv4static\":true,\"ipv4dhcp\":false,\"ipv4disable\":false,\"parameters\":[\"mac\"]}","description":"","name":"Bond0NIC2","value":"","type":"nic"},{"constraints":"{\"ipv4static\":true,\"ipv4dhcp\":false,\"ipv4disable\":false,\"parameters\":[\"dns1\",\"dns2\",\"domain\",\"ipaddress\",\"mac\",\"netmask\"]}","description":"","name":"Bond0NIC1","value":"","type":"nic"},{"constraints":"{\"regex\":\"\",\"helpText\":\"\"}","description":"","name":"DiskName","value":"/dev/sda","type":"string"},{"constraints":"{\"unit\":\"GiB\"}","description":"","name":"FirstPartitionSize","value":"10","type":"number"},{"constraints":"{\"unit\":\"GiB\"}","description":"","name":"SecondPartitionSize","value":"10","type":"number"},{"constraints":"{}","description":"","name":"LvmVolumeGroupName","value":"new_vol_group","type":"string"},{"constraints":"{\"ipv4static\":true,\"ipv4dhcp\":false,\"ipv4disable\":false,\"parameters\":[\"dns1\",\"dns2\",\"domain\",\"ipaddress\",\"mac\",\"netmask\"]}","description":"","name":"Bond1NIC1","value":"","type":"nic"},{"constraints":"{}","description":"","name":"TotalNicbondings","value":"1","type":"string"},{"constraints":"{}","description":"","name":"LogicalVolumeName","value":"new_vol","type":"string"},{"constraints":"{}","description":"","name":"DomainName","value":"","type":"string"},{"constraints":"{}","description":"","name":"Gateway","value":"","type":"string"},{"constraints":"{\"ipv4static\":true,\"ipv4dhcp\":false,\"ipv4disable\":false,\"parameters\":[\"mac\"]}","description":"","name":"Bond1NIC2","value":"","type":"nic"},{"constraints":"{\"maxlen\":\"10\"}","description":"","name":"NewRootPassword","value":"","type":"password"},{"constraints":"{\"unit\":\"GiB\"}","description":"","name":"LvmVolumeSize","value":"15","type":"number"},{"constraints":"{}","description":"","name":"LogicalVolumeGroupName","value":"new_vol_group","type":"string"}],"buildStep":[{"planScriptUri":"/rest/plan-scripts/04d01d4f-93c5-4751-9718-f04876ef7d0c","planScriptName":"SLES-12-mount-and-validate - 2017-03-15","serialNumber":"1","parameters":null},{"planScriptUri":"/rest/plan-scripts/355078d0-3cb0-4944-b664-a62e95bd2199","planScriptName":"SLES-12-configure-multiple-NIC-bonding-2017-03-15","serialNumber":"2","parameters":null},{"planScriptUri":"/rest/plan-scripts/4df604d0-8af0-42f9-91a2-9c23a5537e79","planScriptName":"SLES-12-configure-users - 2017-03-15","serialNumber":"3","parameters":null},{"planScriptUri":"/rest/plan-scripts/5588579f-dbc1-49ee-af04-20c8310c94ec","planScriptName":"SLES-12-configure-hostname-2017-03-15","serialNumber":"4","parameters":null},{"planScriptUri":"/rest/plan-scripts/aa158ad0-8b39-4b8b-8f2b-450a14e944aa","planScriptName":"SLES-12-manage-security-services - 2017-03-15","serialNumber":"5","parameters":null},{"planScriptUri":"/rest/plan-scripts/32027489-62d4-42e6-8871-28a241da6439","planScriptName":"SLES-12-configure-partition-using-LVM - 2017-03-15","serialNumber":"6","parameters":null},{"planScriptUri":"/rest/plan-scripts/09a85699-4c66-4df1-902e-40a95d48c589","planScriptName":"SLES-12-unmount - 2017-03-15","serialNumber":"7","parameters":null}],"eTag":null,"created":null,"modified":null,"etag":null,"hpProvided":true,"buildPlanid":"1c12f699-8d89-40ea-931a-80d4421b0c10","oeBuildPlanType":"deploy","description":"Personalizes SLES 12 and configures NIC bondings\n\n(c) Copyright 2017 Hewlett Packard Enterprise Development LP\n\nLicensed under the Apache License, Version 2.0 (the \"License\");...","category":null,"status":null,"uri":null,"name":"SLES-12-personalize-and-NIC-bondings-LVM-BP-2017-03-23"}