{"type":"OeBuildPlan","dependentArtifacts":null,"customAttributes":[{"constraints":"{\"options\":[\"Enabled\",\"Disabled\"]}","description":"","name":"SSH","value":"Enabled","type":"option"},{"constraints":"{}","description":"","name":"LvmVolumeName","value":"new_vol","type":"string"},{"constraints":"{}","description":"","name":"NewUsers","value":"","type":"string"},{"constraints":"{\"maxlen\":\"10\"}","description":"","name":"NewUsersPassword","value":"","type":"password"},{"constraints":"{\"options\":[\"1\",\"2\",\"3\",\"4\"]}","description":"","name":"TotalMgmtNICs","value":"1","type":"option"},{"constraints":"{}","description":"","name":"DiskName","value":"/dev/sda","type":"string"},{"constraints":"{\"unit\":\"GiB\"}","description":"","name":"FirstPartitionSize","value":"10","type":"number"},{"constraints":"{}","description":"","name":"LvmVolumeGroupName","value":"new_vol_group","type":"string"},{"constraints":"{\"unit\":\"GiB\"}","description":"","name":"SecondPartitionSize","value":"10","type":"number"},{"constraints":"{}","description":"","name":"LogicalVolumeName","value":"new_vol","type":"string"},{"constraints":"{}","description":"","name":"DomainName","value":"","type":"string"},{"constraints":"{}","description":"","name":"Gateway","value":"","type":"string"},{"constraints":"{\"maxlen\":\"10\"}","description":"","name":"NewRootPassword","value":"","type":"password"},{"constraints":"{}","description":"","name":"LvmVolumeSize","value":"15","type":"string"},{"constraints":"{\"ipv4static\":true,\"ipv4dhcp\":true,\"ipv4disable\":true,\"parameters\":[\"dns1\",\"dns2\",\"domain\",\"ipaddress\",\"mac\",\"netmask\"]}","description":"","name":"ManagementNIC3","value":"","type":"nic"},{"constraints":"{\"ipv4static\":true,\"ipv4dhcp\":true,\"ipv4disable\":true,\"parameters\":[\"dns1\",\"dns2\",\"domain\",\"ipaddress\",\"mac\",\"netmask\"]}","description":"","name":"ManagementNIC4","value":"","type":"nic"},{"constraints":"{\"regex\":\"\",\"helpText\":\"\"}","description":"","name":"LogicalVolumeGroupName","value":"new_vol_group","type":"string"},{"constraints":"{\"ipv4static\":true,\"ipv4dhcp\":true,\"ipv4disable\":true,\"parameters\":[\"dns1\",\"dns2\",\"domain\",\"ipaddress\",\"mac\",\"netmask\"]}","description":"","name":"ManagementNIC1","value":"","type":"nic"},{"constraints":"{\"ipv4static\":true,\"ipv4dhcp\":true,\"ipv4disable\":true,\"parameters\":[\"dns1\",\"dns2\",\"domain\",\"ipaddress\",\"mac\",\"netmask\"]}","description":"","name":"ManagementNIC2","value":"","type":"nic"}],"buildStep":[{"planScriptUri":"/rest/plan-scripts/04d01d4f-93c5-4751-9718-f04876ef7d0c","planScriptName":"SLES-12-mount-and-validate - 2017-03-15","serialNumber":"1","parameters":null},{"planScriptUri":"/rest/plan-scripts/6f67db54-d21f-4329-ae17-5b0213f00bad","planScriptName":"SLES-12-configure-multiple-NICs - 2017-03-15","serialNumber":"2","parameters":null},{"planScriptUri":"/rest/plan-scripts/4df604d0-8af0-42f9-91a2-9c23a5537e79","planScriptName":"SLES-12-configure-users - 2017-03-15","serialNumber":"3","parameters":null},{"planScriptUri":"/rest/plan-scripts/5588579f-dbc1-49ee-af04-20c8310c94ec","planScriptName":"SLES-12-configure-hostname-2017-03-15","serialNumber":"4","parameters":null},{"planScriptUri":"/rest/plan-scripts/aa158ad0-8b39-4b8b-8f2b-450a14e944aa","planScriptName":"SLES-12-manage-security-services - 2017-03-15","serialNumber":"5","parameters":null},{"planScriptUri":"/rest/plan-scripts/32027489-62d4-42e6-8871-28a241da6439","planScriptName":"SLES-12-configure-partition-using-LVM - 2017-03-15","serialNumber":"6","parameters":null},{"planScriptUri":"/rest/plan-scripts/09a85699-4c66-4df1-902e-40a95d48c589","planScriptName":"SLES-12-unmount - 2017-03-15","serialNumber":"7","parameters":null}],"eTag":null,"created":null,"modified":null,"etag":null,"hpProvided":true,"buildPlanid":"9a3fb08a-2214-4567-8cf8-5c6cf28894c4","oeBuildPlanType":"deploy","description":"Personalizes SLES 12 and configures NICs.\n\n(c) Copyright 2017 Hewlett Packard Enterprise Development LP\n\nLicensed under the Apache License, Version 2.0 (the \"License\");...","category":null,"status":null,"uri":null,"name":"SLES-12-personalize-and-configure-NICs-LVM-BP-2017-03-23"}