{"type":"PlanScript","dependentArtifacts":null,"hpProvided":true,"eTag":null,"created":null,"modified":null,"customAttributes":null,"planType":"deploy","description":"manage security services","category":null,"status":null,"uri":null,"name":"SLES-12-manage-security-services - 2017-03-15","id":"aa158ad0-8b39-4b8b-8f2b-450a14e944aa","state":null,"content":"# (c) Copyright 2017 Hewlett Packard Enterprise Development LP\n#\n# Licensed under the Apache License, Version 2.0 (the \"License\");\n# you may not use this file except in compliance with the License.\n# You may obtain a copy of the License at http://www.apache.org/licenses/LICENSE-2.0\n#\n# Unless required by applicable law or agreed to in writing, software distributed\n# under the License is distributed on an \"AS IS\" BASIS, WITHOUT WARRANTIES OR\n# CONDITIONS OF ANY KIND, either express or implied. See the License for the\n# specific language governing permissions and limitations under the License.\n\n#Disable and stop firewalld service\n!echo \"systemctl disable SuSEfirewall2.service\" >> ./after.local\n!echo \"rcSuSEfirewall2 stop\" >> ./after.local\n\n\n#Enable/Disable SSH\nupload -<<END /tmp/ImageStreamer/ssh_service\n#! /bin/bash\nssh=@SSH:Enabled@\nif [ $ssh == Enabled ]\nthen\necho \"systemctl enable sshd.service\" >> ./after.local\necho \"service sshd restart\" >> ./after.local\nelse\necho \"systemctl disable sshd.service\" >> ./after.local\necho \"service sshd stop\" >> ./after.local\nfi\nexit 0\nEND\ndownload /tmp/ImageStreamer/ssh_service ./ssh_service\n!source ./ssh_service"}