{"type":"OeBuildPlan","dependentArtifacts":null,"customAttributes":[],"buildStep":[{"planScriptUri":"/rest/plan-scripts/943120f5-f1d6-4fc4-a331-65680364f2df","planScriptName":"SLES-12-mount-generalize - 2017-03-15","serialNumber":"1","parameters":null},{"planScriptUri":"/rest/plan-scripts/ec42c2f0-0c66-440f-bf4c-2a2a7c0a9395","planScriptName":"SLES-12-generalize-host - 2017-03-15","serialNumber":"2","parameters":null},{"planScriptUri":"/rest/plan-scripts/af0e24d3-3ead-4443-b402-8bfef678056d","planScriptName":"SLES-12-generalize-network - 2017-03-15","serialNumber":"3","parameters":null},{"planScriptUri":"/rest/plan-scripts/f2b3cf35-0cd0-49a4-9ab8-23f96af0ea8b","planScriptName":"SLES-12-generalize-users - 2017-03-15","serialNumber":"4","parameters":null},{"planScriptUri":"/rest/plan-scripts/e99079b8-a235-458e-980a-8b72da2f89e2","planScriptName":"SLES-12-unmount-genralize - 2017-03-15","serialNumber":"5","parameters":null}],"eTag":null,"created":null,"modified":null,"etag":null,"hpProvided":true,"buildPlanid":"cc9490ae-d1ee-4f26-ba79-e74025b784c2","oeBuildPlanType":"capture","description":"Removes personalization settings from SLES 12.\n\n(c) Copyright 2017 Hewlett Packard Enterprise Development LP\n\nLicensed under the Apache License, Version 2.0 (the \"License\");...","category":null,"status":null,"uri":null,"name":"SLES-12-generalize-2017-03-23"}