{"type":"OeBuildPlan","dependentArtifacts":null,"customAttributes":[{"constraints":"{\"options\":[\"Enabled\",\"Disabled\"]}","description":"","name":"SSH","value":"Enabled","type":"option"},{"constraints":"{}","description":"","name":"SecondNicBondName","value":"bond1","type":"string"},{"constraints":"{}","description":"","name":"LvmVolumeName","value":"new_vol","type":"string"},{"constraints":"{}","description":"","name":"NewUsers","value":"","type":"string"},{"constraints":"{\"options\":[\"bond0\"]}","description":"","name":"FirstNicBondName","value":"bond0","type":"string"},{"constraints":"{\"maxlen\":\"10\"}","description":"","name":"NewUsersPassword","value":"","type":"password"},{"constraints":"{\"ipv4static\":true,\"ipv4dhcp\":true,\"ipv4disable\":true,\"parameters\":[\"mac\"]}","description":"","name":"Bond0NIC2","value":null,"type":"nic"},{"constraints":"{\"ipv4static\":true,\"ipv4dhcp\":true,\"ipv4disable\":true,\"parameters\":[\"dns1\",\"dns2\",\"domain\",\"gateway\",\"ipaddress\",\"mac\",\"netmask\"],\"options\":[null]}","description":"","name":"Bond0NIC1","value":null,"type":"nic"},{"constraints":"{}","description":"","name":"DiskName","value":"/dev/sda","type":"string"},{"constraints":"{\"unit\":\"GiB\"}","description":"","name":"FirstPartitionSize","value":"10","type":"number"},{"constraints":"{}","description":"","name":"LvmVolumeGroupName","value":"new_vol_group","type":"string"},{"constraints":"{\"unit\":\"GiB\"}","description":"","name":"SecondPartitionSize","value":"10","type":"number"},{"constraints":"{\"ipv4static\":true,\"ipv4dhcp\":true,\"ipv4disable\":true,\"parameters\":[\"dns1\",\"dns2\",\"domain\",\"gateway\",\"ipaddress\",\"mac\",\"netmask\"]}","description":"","name":"Bond1NIC1","value":null,"type":"nic"},{"constraints":"{\"options\":[\"1\",\"2\"]}","description":"","name":"TotalNicbondings","value":"1","type":"option"},{"constraints":"{}","description":"","name":"DomainName","value":"","type":"string"},{"constraints":"{}","description":"","name":"LogicalVolumeName","value":"new_vol","type":"string"},{"constraints":"{\"ipv4static\":true,\"ipv4dhcp\":true,\"ipv4disable\":true,\"parameters\":[\"mac\"]}","description":"","name":"Bond1NIC2","value":null,"type":"nic"},{"constraints":"{\"maxlen\":\"10\"}","description":"","name":"NewRootPassword","value":"","type":"password"},{"constraints":"{\"unit\":\"GiB\"}","description":"","name":"LvmVolumeSize","value":"15","type":"number"},{"constraints":"{}","description":"","name":"LogicalVolumeGroupName","value":"new_vol_group","type":"string"}],"buildStep":[{"planScriptName":"SLES-12-mount-and-validate - 2017-03-15","planScriptUri":"/rest/plan-scripts/3cdabe87-5ff7-41a8-984e-f2b05da07b26","serialNumber":"1","parameters":null},{"planScriptName":"SLES-12-configure-multiple-NIC-bonding-2017-08-22","planScriptUri":"/rest/plan-scripts/8ea96dff-4f65-437e-a743-3202f3d07019","serialNumber":"2","parameters":null},{"planScriptName":"SLES-12-configure-users - 2017-03-15","planScriptUri":"/rest/plan-scripts/8fe901cc-b8f1-47ec-a6d5-22ed2182289c","serialNumber":"3","parameters":null},{"planScriptName":"SLES-12-configure-hostname-2017-08-08","planScriptUri":"/rest/plan-scripts/44cbe333-2143-4efc-9984-c58d848359cd","serialNumber":"4","parameters":null},{"planScriptName":"SLES-12-manage-security-services - 2017-03-15","planScriptUri":"/rest/plan-scripts/dfd97a50-2cfa-4ac2-a878-36ac5a19de2c","serialNumber":"5","parameters":null},{"planScriptName":"SLES-12-configure-partition-using-LVM - 2017-03-15","planScriptUri":"/rest/plan-scripts/727f4e4f-0d46-4470-b30e-1d30e170f750","serialNumber":"6","parameters":null},{"planScriptName":"SLES-12-unmount - 2017-03-15","planScriptUri":"/rest/plan-scripts/be1f846a-220f-4f3b-9ad3-9670ac9d040a","serialNumber":"7","parameters":null}],"eTag":null,"created":null,"modified":null,"hpProvided":true,"etag":null,"buildPlanid":"48faa439-e16c-4d8d-9e8f-00cdd13d1dcd","oeBuildPlanType":"deploy","category":null,"description":"Personalizes SLES 12 and configures NIC bondings\n\n(c) Copyright 2017 Hewlett Packard Enterprise Development LP\n\nLicensed under the Apache License, Version 2.0 (the \"License\");...","uri":null,"status":null,"name":"SLES-12-personalize-and-NIC-bondings-LVM-BP-2017-08-22"}