{"type":"OeBuildPlan","dependentArtifacts":null,"customAttributes":[],"buildStep":[{"planScriptName":"SLES-12-mount-generalize - 2017-03-15","planScriptUri":"/rest/plan-scripts/e56f2b89-1113-40e5-98fb-ba3857e485ff","serialNumber":"1","parameters":null},{"planScriptName":"SLES-12-generalize-host - 2017-03-15","planScriptUri":"/rest/plan-scripts/47f0cba3-10c7-40dd-aa30-403d3e6f3f33","serialNumber":"2","parameters":null},{"planScriptName":"SLES-12-generalize-network - 2017-03-15","planScriptUri":"/rest/plan-scripts/93ffcaf7-84cf-4ead-964d-8a9bcc8ea9a7","serialNumber":"3","parameters":null},{"planScriptName":"SLES-12-generalize-users - 2017-03-15","planScriptUri":"/rest/plan-scripts/09a095f4-057f-4faf-9606-91c49121d39a","serialNumber":"4","parameters":null},{"planScriptName":"SLES-12-unmount-genralize - 2017-03-15","planScriptUri":"/rest/plan-scripts/d9b5d16b-57e7-452c-b073-07d73876f7c1","serialNumber":"5","parameters":null}],"eTag":null,"created":null,"modified":null,"hpProvided":true,"etag":null,"buildPlanid":"be44d100-8a25-4cce-832a-1645c24e7046","oeBuildPlanType":"capture","category":null,"description":"Removes personalization settings from SLES 12.\n\n(c) Copyright 2017 Hewlett Packard Enterprise Development LP\n\nLicensed under the Apache License, Version 2.0 (the \"License\");...","uri":null,"status":null,"name":"SLES-12-generalize-2017-03-23"}