{"type":"OeBuildPlan","dependentArtifacts":null,"customAttributes":[{"constraints":"{\"options\":[\"Enabled\",\"Disabled\"]}","description":"","name":"SSH","value":"Enabled","type":"option"},{"constraints":"{}","description":"","name":"NewUsers","value":"","type":"string"},{"constraints":"{}","description":"","name":"LvmVolumeName","value":"new_vol","type":"string"},{"constraints":"{\"maxlen\":\"10\"}","description":"","name":"NewUsersPassword","value":"","type":"password"},{"constraints":"{\"options\":[\"1\",\"2\",\"3\",\"4\"]}","description":"","name":"TotalMgmtNICs","value":"1","type":"option"},{"constraints":"{}","description":"","name":"DiskName","value":"/dev/sda","type":"string"},{"constraints":"{\"unit\":\"GiB\"}","description":"","name":"FirstPartitionSize","value":"10","type":"number"},{"constraints":"{\"unit\":\"GiB\"}","description":"","name":"SecondPartitionSize","value":"10","type":"number"},{"constraints":"{}","description":"","name":"LvmVolumeGroupName","value":"new_vol_group","type":"string"},{"constraints":"{}","description":"","name":"LogicalVolumeName","value":"new_vol","type":"string"},{"constraints":"{}","description":"","name":"DomainName","value":"","type":"string"},{"constraints":"{}","description":"","name":"LvmVolumeSize","value":"15","type":"string"},{"constraints":"{\"ipv4static\":true,\"ipv4dhcp\":true,\"ipv4disable\":true,\"parameters\":[\"dns1\",\"dns2\",\"domain\",\"gateway\",\"ipaddress\",\"mac\",\"netmask\"]}","description":"","name":"ManagementNIC3","value":null,"type":"nic"},{"constraints":"{\"maxlen\":\"10\"}","description":"","name":"NewRootPassword","value":"","type":"password"},{"constraints":"{\"ipv4static\":true,\"ipv4dhcp\":true,\"ipv4disable\":true,\"parameters\":[\"dns1\",\"dns2\",\"domain\",\"gateway\",\"ipaddress\",\"mac\",\"netmask\"]}","description":"","name":"ManagementNIC4","value":null,"type":"nic"},{"constraints":"{}","description":"","name":"LogicalVolumeGroupName","value":"new_vol_group","type":"string"},{"constraints":"{\"ipv4static\":true,\"ipv4dhcp\":true,\"ipv4disable\":true,\"parameters\":[\"dns1\",\"dns2\",\"domain\",\"gateway\",\"ipaddress\",\"mac\",\"netmask\"]}","description":"","name":"ManagementNIC1","value":null,"type":"nic"},{"constraints":"{\"ipv4static\":true,\"ipv4dhcp\":true,\"ipv4disable\":true,\"parameters\":[\"dns1\",\"dns2\",\"domain\",\"gateway\",\"ipaddress\",\"mac\",\"netmask\"]}","description":"","name":"ManagementNIC2","value":null,"type":"nic"}],"buildStep":[{"planScriptName":"SLES-12-mount-and-validate - 2017-03-15","planScriptUri":"/rest/plan-scripts/3cdabe87-5ff7-41a8-984e-f2b05da07b26","serialNumber":"1","parameters":null},{"planScriptName":"SLES-12-configure-multiple-NICs - 2017-08-08","planScriptUri":"/rest/plan-scripts/125262d9-9e71-4a4f-bf5f-5a9d8d07c55d","serialNumber":"2","parameters":null},{"planScriptName":"SLES-12-configure-users - 2017-03-15","planScriptUri":"/rest/plan-scripts/8fe901cc-b8f1-47ec-a6d5-22ed2182289c","serialNumber":"3","parameters":null},{"planScriptName":"SLES-12-configure-hostname-2017-08-08","planScriptUri":"/rest/plan-scripts/44cbe333-2143-4efc-9984-c58d848359cd","serialNumber":"4","parameters":null},{"planScriptName":"SLES-12-manage-security-services - 2017-03-15","planScriptUri":"/rest/plan-scripts/dfd97a50-2cfa-4ac2-a878-36ac5a19de2c","serialNumber":"5","parameters":null},{"planScriptName":"SLES-12-configure-partition-using-LVM - 2017-03-15","planScriptUri":"/rest/plan-scripts/727f4e4f-0d46-4470-b30e-1d30e170f750","serialNumber":"6","parameters":null},{"planScriptName":"SLES-12-unmount - 2017-03-15","planScriptUri":"/rest/plan-scripts/be1f846a-220f-4f3b-9ad3-9670ac9d040a","serialNumber":"7","parameters":null}],"eTag":null,"created":null,"modified":null,"hpProvided":true,"etag":null,"buildPlanid":"eabd04ec-5b85-463a-b3ea-465db75ef083","oeBuildPlanType":"deploy","category":null,"description":"Personalizes SLES 12 and configures NICs.\n\n(c) Copyright 2017 Hewlett Packard Enterprise Development LP\n\nLicensed under the Apache License, Version 2.0 (the \"License\");...","uri":null,"status":null,"name":"SLES-12-personalize-and-configure-NICs-LVM-BP-2017-08-08"}