{"type":"PlanScript","uri":null,"category":null,"eTag":null,"created":null,"modified":null,"id":"82c17659-e96b-46ea-860d-a66a8a00d467","name":"HPE-SLES12-EFI-mount-2018-09-25","description":"Mount EFI Partition","status":null,"state":null,"planType":"general","content":"# (c) Copyright 2018-2019 Hewlett Packard Enterprise Development LP\n#\n# Licensed under the Apache License, Version 2.0 (the \"License\");\n# you may not use this file except in compliance with the License.\n# You may obtain a copy of the License at http://www.apache.org/licenses/LICENSE-2.0\n#\n# Unless required by applicable law or agreed to in writing, software distributed\n# under the License is distributed on an \"AS IS\" BASIS, WITHOUT WARRANTIES OR\n# CONDITIONS OF ANY KIND, either express or implied. See the License for the\n# specific language governing permissions and limitations under the License.\n\n# List the Volume Group and lvols:\nvgs\nlvs\nlist-filesystems\n\n# Mount the EFI partition\nmount /dev/sda1 /","customAttributes":null,"hpProvided":true,"dependentArtifacts":null}