{"type":"OeBuildPlan","uri":null,"category":null,"eTag":null,"created":null,"modified":null,"buildPlanid":"e818e5f9-2e4e-400b-9b64-8f9d2a56160e","name":"HPE-SLES12-EFI-MultiNIC-2019-06-11","description":"Configures SLES 12 by staging scripts in EFI partition. (c) Copyright 2019-2020 Hewlett Packard Enterprise Development LP Licensed under the Apache License, Version 2.0 (the \"License\");...","status":null,"hpProvided":true,"oeBuildPlanType":"deploy","buildStep":[{"planScriptUri":"/rest/plan-scripts/82c17659-e96b-46ea-860d-a66a8a00d467","serialNumber":"1","parameters":null,"planScriptName":"HPE-SLES12-EFI-mount-2018-09-25"},{"planScriptUri":"/rest/plan-scripts/e4cadeaa-72af-4bb6-afdb-2b5d556fc6cf","serialNumber":"2","parameters":null,"planScriptName":"HPE-SLES12-EFI-wrapper-2019-03-24"},{"planScriptUri":"/rest/plan-scripts/a7cc8b66-f447-4c0f-8960-85a20bdb1a02","serialNumber":"3","parameters":null,"planScriptName":"HPE-SLES12-EFI-configure-multiple-NICs-2019-06-05"},{"planScriptUri":"/rest/plan-scripts/49f044df-76c3-4142-ac02-22ebbf1c1bbb","serialNumber":"4","parameters":null,"planScriptName":"HPE-SLES12-EFI-configure-users-2018-09-25"},{"planScriptUri":"/rest/plan-scripts/24c27dc0-b3fc-4a32-8d0e-5a1b7fd3a89f","serialNumber":"5","parameters":null,"planScriptName":"HPE-SLES12-EFI-configure-hostname-2019-04-25"},{"planScriptUri":"/rest/plan-scripts/65fb4c1c-9504-4216-a0ce-abf79b0bbe99","serialNumber":"6","parameters":null,"planScriptName":"HPE-SLES12-EFI-manage-ssh-service-2018-05-15"},{"planScriptUri":"/rest/plan-scripts/50e4fa71-8b9f-45b8-a3cc-d4bbb88d6336","serialNumber":"7","parameters":null,"planScriptName":"HPE-SLES12-EFI-LVM-2019-05-15"},{"planScriptUri":"/rest/plan-scripts/0cc203f4-371e-490c-aa7b-8babe4d38c4c","serialNumber":"8","parameters":null,"planScriptName":"HPE-SLES12-EFI-unmount-2018-09-25"}],"customAttributes":[{"name":"LvmVolumeName","description":"A name for the logical volume created on the host.","value":"new_vol","constraints":"{\"regex\":\"\",\"helpText\":\"\"}","type":"string"},{"name":"DomainName","description":"DomainName of the server.","value":"","constraints":"{\"helpText\":\"\",\"options\":[\"\"]}","type":"fqdn"},{"name":"FirstPartitionSize","description":"A partition size for the first partition on the disk","value":"10","constraints":"{\"unit\":\"GB\"}","type":"number"},{"name":"SSH","description":"","value":"Enable","constraints":"{\"options\":[\"Enable\",\"Disable\"]}","type":"option"},{"name":"NewRootPassword","description":"Password for the new root user.","value":"","constraints":"{\"maxlen\":\"20\"}","type":"password"},{"name":"DiskName","description":"The disk partition prefix for e.g. \"/dev/sda\" to be able to create partitions on the volume.","value":"/dev/sda","constraints":"{\"regex\":\"\",\"helpText\":\"\"}","type":"string"},{"name":"NewUsers","description":"New user to be created on the server.","value":"","constraints":"{\"regex\":\"\",\"helpText\":\"\"}","type":"string"},{"name":"LvmVolumeSize","description":"Size for the logical volume to be created on the host.","value":"16","constraints":"{\"unit\":\"GB\"}","type":"number"},{"name":"MgmtNICUsedTotal","description":"A count to keep track of the total NIC's to be added on the host.","value":"1","constraints":"{\"minimum\":\"1\",\"maximum\":\"4\",\"increment\":\"1\"}","type":"number"},{"name":"FileSystem","description":"Type of FileSystem","value":"Disabled","constraints":"{\"options\":[\"Disabled\",\"XFS\",\"EXT4\",\"BTRFS\"]}","type":"option"},{"name":"ManagementNIC2","description":"Management NIC attributes for NIC1. The mac sub-attribute is a mandatory field in NIC type custom attributes.","value":null,"constraints":"{\"ipv4static\":true,\"ipv4dhcp\":true,\"ipv4disable\":true,\"parameters\":[\"dns1\",\"dns2\",\"domain\",\"gateway\",\"ipaddress\",\"mac\",\"netmask\"]}","type":"nic"},{"name":"ManagementNIC1","description":"Management NIC attributes for NIC1. The mac sub-attribute is a mandatory field in NIC type custom attributes.","value":null,"constraints":"{\"ipv4static\":true,\"ipv4dhcp\":true,\"ipv4disable\":false,\"parameters\":[\"dns1\",\"dns2\",\"domain\",\"gateway\",\"ipaddress\",\"mac\",\"netmask\"]}","type":"nic"},{"name":"NewUsersPassword","description":"Password for the new user to be created on the server.","value":"","constraints":"{\"maxlen\":\"20\"}","type":"password"},{"name":"SecondPartitionSize","description":"A size for the second partition created on the server.","value":"10","constraints":"{\"unit\":\"GB\"}","type":"number"},{"name":"ManagementNIC4","description":"Management NIC attributes for NIC1. The mac sub-attribute is a mandatory field in NIC type custom attributes.","value":null,"constraints":"{\"ipv4static\":true,\"ipv4dhcp\":true,\"ipv4disable\":true,\"parameters\":[\"dns1\",\"dns2\",\"domain\",\"gateway\",\"ipaddress\",\"mac\",\"netmask\"]}","type":"nic"},{"name":"ManagementNIC3","description":"Management NIC attributes for NIC1. The mac sub-attribute is a mandatory field in NIC type custom attributes.","value":null,"constraints":"{\"ipv4static\":true,\"ipv4dhcp\":true,\"ipv4disable\":true,\"parameters\":[\"dns1\",\"dns2\",\"domain\",\"gateway\",\"ipaddress\",\"mac\",\"netmask\"]}","type":"nic"},{"name":"HostName","description":"Hostname for SLES host. The hostname value can be defined manually or by using the tokens. This value must conform to valid hostname requirement defined by Internet standards.","value":"","constraints":"{\"helpText\":\"\"}","type":"hostname"},{"name":"LvmVolumeGroupName","description":"A name for the logical volume group created on the host.","value":"new_vol_group","constraints":"{\"regex\":\"\",\"helpText\":\"\"}","type":"string"}],"dependentArtifacts":null}