{"type":"OeBuildPlan","dependentArtifacts":null,"customAttributes":[],"buildStep":[{"planScriptName":"SLES-12-mount-generalize - 2017-03-15","planScriptUri":"/rest/plan-scripts/39b176a2-0137-4647-9072-83b24a59818b","serialNumber":"1","parameters":null},{"planScriptName":"SLES-12-generalize-host - 2017-03-15","planScriptUri":"/rest/plan-scripts/5f545325-45c3-4515-bc4e-9ec0399b54a5","serialNumber":"2","parameters":null},{"planScriptName":"SLES-12-generalize-network - 2017-03-15","planScriptUri":"/rest/plan-scripts/65c4e3d8-93c6-4c33-b28c-167d473b9e01","serialNumber":"3","parameters":null},{"planScriptName":"SLES-12-generalize-users - 2017-03-15","planScriptUri":"/rest/plan-scripts/8cf35fd7-cda5-485f-8fa0-68776ca89c06","serialNumber":"4","parameters":null},{"planScriptName":"SLES-12-unmount-genralize - 2017-03-15","planScriptUri":"/rest/plan-scripts/4dd1e5ea-462f-448f-aa63-5149ff93680f","serialNumber":"5","parameters":null}],"eTag":null,"created":null,"modified":null,"hpProvided":true,"buildPlanid":"059eab47-b3ae-4e55-a97b-441df841738e","oeBuildPlanType":"capture","description":"Removes personalization settings from SLES 12.\n\n(c) Copyright 2017 Hewlett Packard Enterprise Development LP\n\nLicensed under the Apache License, Version 2.0 (the \"License\");...","category":null,"status":null,"uri":null,"name":"SLES-12-generalize-2017-12-15"}