{"type":"PlanScript","dependentArtifacts":null,"hpProvided":true,"eTag":null,"created":null,"modified":null,"customAttributes":null,"planType":"deploy","description":"configure NICs","category":null,"status":null,"uri":null,"name":"SLES-12-configure-multiple-NICs - 2017-08-08","id":"13a1cd05-2673-49bc-aac7-e24e5b124840","state":null,"content":"# (c) Copyright 2017 Hewlett Packard Enterprise Development LP\n#\n# Licensed under the Apache License, Version 2.0 (the \"License\");\n# you may not use this file except in compliance with the License.\n# You may obtain a copy of the License at http://www.apache.org/licenses/LICENSE-2.0\n#\n# Unless required by applicable law or agreed to in writing, software distributed\n# under the License is distributed on an \"AS IS\" BASIS, WITHOUT WARRANTIES OR\n# CONDITIONS OF ANY KIND, either express or implied. See the License for the\n# specific language governing permissions and limitations under the License.\n\nupload -<<END /tmp/MgmtNIC-configure\n#! /bin/bash\nnet_mac=$1\nnet_ip=$2\nnet_netmask=$3\nnet_domain=$4\ndns1=$5\ndns2=$6\ngateway=$7\n\n#Check the maching interface name for $net_mac.\ninterfaces=`ls /sys/class/net/`\nfor iface in $interfaces\ndo\n\tmac=`cat /sys/class/net/$iface/address`\n\tif [ ${mac,,} == ${net_mac,,} ]\n\tthen\n\t\tinterface_name=$iface\n\t\techo $interface_name >> /tmp/interface_names\n\tfi\ndone\n\nif [[ -z $net_ip ]]\nthen\necho \"Configure $interface_name for DHCP\"\ncat <<CONF>/etc/sysconfig/network/ifcfg-$interface_name \n#This file has been created by Image Streamer.\nNAME=\"$interface_name\"\nDEVICE=\"$interface_name\"\nBOOTPROTO=\"dhcp\"\nSTARTMODE=auto\nCONF\n\nelse\n\necho \"Configure $interface_name for static.\"\ncat <<CONF>/etc/sysconfig/network/ifcfg-$interface_name \n#This file has been created by Image Streamer.\nNAME=\"$interface_name\"\nDEVICE=\"$interface_name\"\nBOOTPROTO=\"static\"\nSTARTMODE=auto\nIPADDR=\"$net_ip\"\nNETMASK=\"$net_netmask\"\nCONF\n \ncat <<CONF>/etc/resolv.conf \n#This file has been modified by Image Streamer.\nsearch $net_domain\nnameserver $dns1\nnameserver $dns2 \nCONF\n\ncat <<CONF>/etc/sysconfig/network/routes\n#This file has been modified by Image Streamer.\ndefault $gateway - -\nCONF\n\nfi\nexit 0\nEND\n\nupload -<<END /tmp/ImageStreamer/network-configuration\n#! /bin/bash\nNICs_count=@TotalMgmtNICs:1@\nfor i in `seq 1 $NICs_count`\ndo\n\tif [ $i -eq 1 ];then\n\t\tif [[ \"@ManagementNIC1.ipaddress@\" =~ [0-9]*\\.[0-9]*\\.[0-9]*\\.[0-9]* ]]; \n         then\n\t\t\techo \"sh /tmp/MgmtNIC-configure @ManagementNIC1.mac@ @ManagementNIC1.ipaddress@ @ManagementNIC1.netmask@ @ManagementNIC1.domain@ @ManagementNIC1.dns1@ @ManagementNIC1.dns2@ @ManagementNIC1.gateway@\" >> ./after.local\n\telse\n\t\t\techo \"sh /tmp/MgmtNIC-configure @ManagementNIC1.mac@\" >> ./after.local\n\tfi\n\telif [ $i -eq 2 ];then\n\t\tif [[ \"@ManagementNIC2.ipaddress@\" =~ [0-9]*\\.[0-9]*\\.[0-9]*\\.[0-9]* ]]; \n        then\n\t\t\techo \"sh /tmp/MgmtNIC-configure @ManagementNIC2.mac@ @ManagementNIC2.ipaddress@ @ManagementNIC2.netmask@ @ManagementNIC2.domain@ @ManagementNIC2.dns1@ @ManagementNIC2.dns2@ @ManagementNIC2.gateway@\" >> ./after.local\n\telse\n\t\t\techo \"sh /tmp/MgmtNIC-configure @ManagementNIC2.mac@\" >> ./after.local\n\tfi\n\telif [ $i -eq 3 ];then\n\t\tif [[ \"@ManagementNIC3.ipaddress@\" =~ [0-9]*\\.[0-9]*\\.[0-9]*\\.[0-9]* ]]; \n        then\n\t\t\techo \"sh /tmp/MgmtNIC-configure @ManagementNIC3.mac@ @ManagementNIC3.ipaddress@ @ManagementNIC3.netmask@ @ManagementNIC3.domain@ @ManagementNIC3.dns1@ @ManagementNIC3.dns2@ @ManagementNIC3.gateway@\" >> ./after.local\n\telse\n\t\t\techo \"sh /tmp/MgmtNIC-configure @ManagementNIC3.mac@\" >> ./after.local\n\tfi\n\telif [ $i -eq 4 ];then\n\t\tif [[ \"@ManagementNIC4.ipaddress@\" =~ [0-9]*\\.[0-9]*\\.[0-9]*\\.[0-9]* ]]; \n        then\n\t\t\techo \"sh /tmp/MgmtNIC-configure @ManagementNIC4.mac@ @ManagementNIC4.ipaddress@ @ManagementNIC4.netmask@ @ManagementNIC4.domain@ @ManagementNIC4.dns1@ @ManagementNIC4.dns2@ @ManagementNIC4.gateway@\" >> ./after.local\n\t\telse\n\t\t\techo \"sh /tmp/MgmtNIC-configure @ManagementNIC4.mac@\" >> ./after.local\n\t\tfi\n\tfi\ndone\necho \"service network restart\" >> ./after.local\necho \"rm -f /tmp/MgmtNIC-configure\" >> ./after.local\nexit 0\nEND\n\ndownload /tmp/ImageStreamer/network-configuration ./network-configuration\n!source ./network-configuration"}