{"type":"OeBuildPlan","dependentArtifacts":null,"customAttributes":[{"constraints":"{\"options\":[\"Enabled\",\"Disabled\"]}","description":"User-defined option to enable or disable SSH.","name":"SSH","value":"Enabled","type":"option"},{"constraints":"{\"regex\":\"\",\"helpText\":\"\"}","description":"User-defined NIC2 Bond Name.","name":"SecondNicBondName","value":"bond1","type":"string"},{"constraints":"{\"regex\":\"\",\"helpText\":\"\"}","description":"User-defined LVM volume name.","name":"LvmVolumeName","value":"new_vol","type":"string"},{"constraints":"{\"regex\":\"\",\"helpText\":\"\"}","description":"User-defined new users created on the server.","name":"NewUsers","value":"","type":"string"},{"constraints":"{\"maxlen\":\"10\"}","description":"User-defined new users password on the server.","name":"NewUsersPassword","value":"","type":"password"},{"constraints":"{\"regex\":\"\",\"helpText\":\"\"}","description":"User-defined NIC1 Bond Name.","name":"FirstNicBondName","value":"bond0","type":"string"},{"constraints":"{\"ipv4static\":true,\"ipv4dhcp\":false,\"ipv4disable\":false,\"parameters\":[\"mac\"]}","description":"NIC Configuration for Bond0.","name":"Bond0NIC2","value":null,"type":"nic"},{"constraints":"{\"ipv4static\":true,\"ipv4dhcp\":false,\"ipv4disable\":false,\"parameters\":[\"dns1\",\"dns2\",\"domain\",\"gateway\",\"ipaddress\",\"mac\",\"netmask\"]}","description":"NIC Configuration for Bond0.","name":"Bond0NIC1","value":null,"type":"nic"},{"constraints":"{\"regex\":\"\",\"helpText\":\"\"}","description":"User-defined DiskName.","name":"DiskName","value":"/dev/sda","type":"string"},{"constraints":"{\"helpText\":\"\"}","description":"HostName of the server.","name":"HostName","value":"","type":"hostname"},{"constraints":"{\"unit\":\"GiB\"}","description":"User-defined Partition size of the disk.","name":"FirstPartitionSize","value":"10","type":"number"},{"constraints":"{\"unit\":\"GiB\"}","description":"User-defined Partition size of the disk.","name":"SecondPartitionSize","value":"10","type":"number"},{"constraints":"{\"regex\":\"\",\"helpText\":\"\"}","description":"User-defined LVM group name.","name":"LvmVolumeGroupName","value":"new_vol_group","type":"string"},{"constraints":"{}","description":"Total NIC Bondings created on the server.","name":"TotalNicbondings","value":"1","type":"number"},{"constraints":"{\"ipv4static\":true,\"ipv4dhcp\":false,\"ipv4disable\":false,\"parameters\":[\"dns1\",\"dns2\",\"domain\",\"gateway\",\"ipaddress\",\"mac\",\"netmask\"]}","description":"NIC Configuration for Bond1.","name":"Bond1NIC1","value":null,"type":"nic"},{"constraints":"{\"helpText\":\"\"}","description":"DomainName of the server.","name":"DomainName","value":"","type":"fqdn"},{"constraints":"{\"regex\":\"\",\"helpText\":\"\"}","description":"User-defined Name for the logical volume created.","name":"LogicalVolumeName","value":"new_vol","type":"string"},{"constraints":"{\"ipv4static\":true,\"ipv4dhcp\":false,\"ipv4disable\":false,\"parameters\":[\"mac\"]}","description":"NIC Configuration for Bond1.","name":"Bond1NIC2","value":null,"type":"nic"},{"constraints":"{\"unit\":\"GiB\"}","description":"User-defined Size for the LVM volume created.","name":"LvmVolumeSize","value":"15","type":"number"},{"constraints":"{\"maxlen\":\"10\"}","description":"User-defined root password.","name":"NewRootPassword","value":"","type":"password"},{"constraints":"{\"regex\":\"\",\"helpText\":\"\"}","description":"User-defined Group Name for the logical volume created.","name":"LogicalVolumeGroupName","value":"new_vol_group","type":"string"}],"buildStep":[{"planScriptName":"SLES-12-mount-and-validate - 2017-03-15","planScriptUri":"/rest/plan-scripts/0f0ee367-f42b-4b5b-b0f5-b1f18e09fd5f","serialNumber":"1","parameters":null},{"planScriptName":"SLES-12-configure-multiple-NIC-bonding-2017-12-06","planScriptUri":"/rest/plan-scripts/7aaa8d07-148f-4e15-aec9-45d221792785","serialNumber":"2","parameters":null},{"planScriptName":"SLES-12-configure-users - 2017-03-15","planScriptUri":"/rest/plan-scripts/7a1877ba-9372-4761-8653-30ee316d0f74","serialNumber":"3","parameters":null},{"planScriptName":"SLES-12-configure-hostname-2017-12-21","planScriptUri":"/rest/plan-scripts/5a57067c-8905-4cf5-aea3-51689c7a4b91","serialNumber":"4","parameters":null},{"planScriptName":"SLES-12-manage-security-services - 2017-03-15","planScriptUri":"/rest/plan-scripts/c3b6d09c-1d42-4ba1-ac83-47333f2f4007","serialNumber":"5","parameters":null},{"planScriptName":"SLES-12-configure-partition-using-LVM - 2017-03-15","planScriptUri":"/rest/plan-scripts/9ac74b9b-2123-4f02-bedb-bdafb499b327","serialNumber":"6","parameters":null},{"planScriptName":"SLES-12-unmount - 2017-03-15","planScriptUri":"/rest/plan-scripts/449bff46-2589-4c24-a08d-5160ebd51dd6","serialNumber":"7","parameters":null}],"eTag":null,"created":null,"modified":null,"hpProvided":true,"buildPlanid":"1ead43f9-20cc-4c58-98c3-8c2c15149aba","oeBuildPlanType":"deploy","description":"Personalizes SLES 12 and configures NIC bondings (c) Copyright 2017 Hewlett Packard Enterprise Development LP Licensed under the Apache License, Version 2.0 (the \"License\");...","category":null,"status":null,"uri":null,"name":"SLES-12-personalize-and-NIC-bondings-LVM-BP-2017-12-21"}