{"type":"OeBuildPlan","dependentArtifacts":null,"customAttributes":[{"constraints":"{\"options\":[\"Enabled\",\"Disabled\"]}","description":"User-defined option to enable or disable SSH.","name":"SSH","value":"Enabled","type":"option"},{"constraints":"{\"regex\":\"\",\"helpText\":\"\"}","description":"User-defined VolumeName for the LVM.","name":"LvmVolumeName","value":"new_vol","type":"string"},{"constraints":"{\"regex\":\"\",\"helpText\":\"\"}","description":"User-defined New User to be created on the server.","name":"NewUsers","value":"","type":"string"},{"constraints":"{\"maxlen\":\"10\"}","description":"User-defined NewUser password.","name":"NewUsersPassword","value":"","type":"password"},{"constraints":"{}","description":"Total Management NIC's created on the server.","name":"TotalMgmtNICs","value":"1","type":"number"},{"constraints":"{\"regex\":\"\",\"helpText\":\"\"}","description":"Name of the disk created on the user-defined partition.","name":"DiskName","value":"/dev/sda","type":"string"},{"constraints":"{\"helpText\":\"\"}","description":"Hostname of the server.","name":"HostName","value":"","type":"hostname"},{"constraints":"{\"unit\":\"GiB\"}","description":"User-defined size for the first partition created.","name":"FirstPartitionSize","value":"10","type":"number"},{"constraints":"{\"regex\":\"\",\"helpText\":\"\"}","description":"User-defined GroupName for the LVM volume created.","name":"LvmVolumeGroupName","value":"new_vol_group","type":"string"},{"constraints":"{\"unit\":\"GiB\"}","description":"User-defined size for the second partition created.","name":"SecondPartitionSize","value":"10","type":"number"},{"constraints":"{\"helpText\":\"\"}","description":"DomainName of the server.","name":"DomainName","value":"","type":"fqdn"},{"constraints":"{\"regex\":\"\",\"helpText\":\"\"}","description":"User-defined logical volume name.","name":"LogicalVolumeName","value":"new_vol","type":"string"},{"constraints":"{\"unit\":\"GiB\"}","description":"User-defined size for the LVM volume created.","name":"LvmVolumeSize","value":"15","type":"number"},{"constraints":"{\"maxlen\":\"10\"}","description":"User-defined root password.","name":"NewRootPassword","value":"","type":"password"},{"constraints":"{\"ipv4static\":true,\"ipv4dhcp\":false,\"ipv4disable\":false,\"parameters\":[\"dns1\",\"dns2\",\"domain\",\"gateway\",\"ipaddress\",\"mac\",\"netmask\"]}","description":"Management NIC attributes for NIC3.","name":"ManagementNIC3","value":null,"type":"nic"},{"constraints":"{\"ipv4static\":true,\"ipv4dhcp\":false,\"ipv4disable\":false,\"parameters\":[\"dns1\",\"dns2\",\"domain\",\"gateway\",\"ipaddress\",\"mac\",\"netmask\"]}","description":"Management NIC attributes for NIC4.","name":"ManagementNIC4","value":null,"type":"nic"},{"constraints":"{\"regex\":\"\",\"helpText\":\"\"}","description":"User-defined GroupName for the logical volume created.","name":"LogicalVolumeGroupName","value":"new_vol_group","type":"string"},{"constraints":"{\"ipv4static\":true,\"ipv4dhcp\":false,\"ipv4disable\":false,\"parameters\":[\"dns1\",\"dns2\",\"domain\",\"gateway\",\"ipaddress\",\"mac\",\"netmask\"]}","description":"Management NIC attributes for NIC1.","name":"ManagementNIC1","value":null,"type":"nic"},{"constraints":"{\"ipv4static\":true,\"ipv4dhcp\":false,\"ipv4disable\":false,\"parameters\":[\"dns1\",\"dns2\",\"domain\",\"gateway\",\"ipaddress\",\"mac\",\"netmask\"]}","description":"Management NIC attributes for NIC2.","name":"ManagementNIC2","value":null,"type":"nic"}],"buildStep":[{"planScriptName":"SLES-12-mount-and-validate - 2017-03-15","planScriptUri":"/rest/plan-scripts/0f0ee367-f42b-4b5b-b0f5-b1f18e09fd5f","serialNumber":"1","parameters":null},{"planScriptName":"SLES-12-configure-multiple-NICs - 2017-08-08","planScriptUri":"/rest/plan-scripts/13a1cd05-2673-49bc-aac7-e24e5b124840","serialNumber":"2","parameters":null},{"planScriptName":"SLES-12-configure-users - 2017-03-15","planScriptUri":"/rest/plan-scripts/7a1877ba-9372-4761-8653-30ee316d0f74","serialNumber":"3","parameters":null},{"planScriptName":"SLES-12-configure-hostname-2017-12-21","planScriptUri":"/rest/plan-scripts/5a57067c-8905-4cf5-aea3-51689c7a4b91","serialNumber":"4","parameters":null},{"planScriptName":"SLES-12-manage-security-services - 2017-03-15","planScriptUri":"/rest/plan-scripts/c3b6d09c-1d42-4ba1-ac83-47333f2f4007","serialNumber":"5","parameters":null},{"planScriptName":"SLES-12-configure-partition-using-LVM - 2017-03-15","planScriptUri":"/rest/plan-scripts/9ac74b9b-2123-4f02-bedb-bdafb499b327","serialNumber":"6","parameters":null},{"planScriptName":"SLES-12-unmount - 2017-03-15","planScriptUri":"/rest/plan-scripts/449bff46-2589-4c24-a08d-5160ebd51dd6","serialNumber":"7","parameters":null}],"eTag":null,"created":null,"modified":null,"hpProvided":true,"buildPlanid":"322dd911-4694-4e45-b95b-9a1c3941ed5d","oeBuildPlanType":"deploy","description":"Personalizes SLES 12 and configures NICs. (c) Copyright 2017 Hewlett Packard Enterprise Development LP Licensed under the Apache License, Version 2.0 (the \"License\");...","category":null,"status":null,"uri":null,"name":"SLES-12-personalize-and-configure-NICs-LVM-BP-2017-12-21"}