{"type":"PlanScript","dependentArtifacts":null,"hpProvided":true,"eTag":null,"created":null,"modified":null,"customAttributes":null,"planType":"capture","description":"remove user settings","category":null,"status":null,"uri":null,"name":"SLES-12-generalize-users - 2017-03-15","id":"8cf35fd7-cda5-485f-8fa0-68776ca89c06","state":null,"content":"# (c) Copyright 2017 Hewlett Packard Enterprise Development LP\n#\n# Licensed under the Apache License, Version 2.0 (the \"License\");\n# you may not use this file except in compliance with the License.\n# You may obtain a copy of the License at http://www.apache.org/licenses/LICENSE-2.0\n#\n# Unless required by applicable law or agreed to in writing, software distributed\n# under the License is distributed on an \"AS IS\" BASIS, WITHOUT WARRANTIES OR\n# CONDITIONS OF ANY KIND, either express or implied. See the License for the\n# specific language governing permissions and limitations under the License.\n\n#This script generalizes the users\n#Download user configuration files\ndownload /etc/passwd ./passwd\ndownload /etc/group ./group\n\nupload -<<END /tmp/ImageStreamer/generalize_users\n#! /bin/bash\n\nsed -i -e \"/#Following/,$ d\" ./passwd\nsed -i -e \"/#Following/,$ d\" ./group\n\nexit 0\nEND\n\ndownload /tmp/ImageStreamer/generalize_users ./generalize_users\n!source ./generalize_users\n\nupload ./passwd /etc/passwd\nupload ./group /etc/group"}