{"type":"PlanScript","uri":null,"category":null,"eTag":null,"created":null,"modified":null,"id":"0fc6fd1e-2f1b-429e-b5bb-86e960ac0b06","name":"HPE-SLES12-EFI-IbftBonding-2019-04-25","description":"configure IBFT bonding","status":null,"state":null,"planType":"deploy","content":"# (c) Copyright 2018-2019 Hewlett Packard Enterprise Development LP\n#\n# Licensed under the Apache License, Version 2.0 (the \"License\");\n# you may not use this file except in compliance with the License.\n# You may obtain a copy of the License at http://www.apache.org/licenses/LICENSE-2.0\n#\n# Unless required by applicable law or agreed to in writing, software distributed\n# under the License is distributed on an \"AS IS\" BASIS, WITHOUT WARRANTIES OR\n# CONDITIONS OF ANY KIND, either express or implied. See the License for the\n# specific language governing permissions and limitations under the License.\n\n\nupload -<<END /EFI/HPE/isdeploy/scripts/10ibftbonding-configuration.bash\n#! /bin/bash\n\nmodprobe bonding\n\nsleep 20\necho +ibftB > /sys/class/net/bonding_masters\necho 1 > /sys/class/net/ibftB/bonding/mode\n\nibft1IP=`ifconfig ibft1 | grep 'inet addr:' | cut -d: -f2 | awk '{ print $1}'`\n\nip addr flush dev ibft1\n\nip addr add $ibft1IP/24 dev ibftB\n\nip link set down ibft1\n\necho +ibft1 > /sys/class/net/ibftB/bonding/slaves\n\nip link set up ibftB\n\n#ip addr flush dev ibft0\n\nip link set down ibft0\n\necho +ibft0 > /sys/class/net/ibftB/bonding/slaves\n\nip link set up ibft0\n\necho 100 > /sys/class/net/ibftB/bonding/miimon\n\niscsiadm -P 1 -m session\n\nsleep 10\n\nip addr flush dev ibft0\nip addr flush dev ibft1\n\nsystemctl restart network\n\nEND","customAttributes":null,"hpProvided":true,"dependentArtifacts":null}