{"type":"PlanScript","uri":null,"category":null,"eTag":null,"created":null,"modified":null,"id":"22ebda69-95fe-49b7-94ce-4390b5445808","name":"HPE-SLES12-EFI-configure-bonding-2019-04-25","description":"This Scripts configures Mgmt and Deployment NIC Teaming","status":null,"state":null,"planType":"deploy","content":"# (c) Copyright 2018-2019 Hewlett Packard Enterprise Development LP\n#\n# Licensed under the Apache License, Version 2.0 (the \"License\");\n# you may not use this file except in compliance with the License.\n# You may obtain a copy of the License at http://www.apache.org/licenses/LICENSE-2.0\n#\n# Unless required by applicable law or agreed to in writing, software distributed\n# under the License is distributed on an \"AS IS\" BASIS, WITHOUT WARRANTIES OR\n# CONDITIONS OF ANY KIND, either express or implied. See the License for the\n# specific language governing permissions and limitations under the License.\n\n#Child script for NIC bonding.\nupload -<<END /EFI/HPE/isdeploy/tmp/NIC-bonding.bash\n#! /bin/bash\nbond_name=$1\nnet1_mac=$2\nnet2_mac=$3\nnet1_ip=$4\nnet1_netmask=$5\nnet_domain=$6\ndns1=$7\ndns2=$8\ngateway=$9\n\n#Check the maching interface names for mac addresses.\ninterfaces=`ls /sys/class/net/`\nfor iface in $interfaces\ndo\n\tmac=`cat /sys/class/net/$iface/address`\n\tif [ ${mac,,} == ${net1_mac,,} ]\n\tthen\n\t\tnic1=$iface\n\telif [ ${mac,,} == ${net2_mac,,} ]\n\tthen\n\t\tnic2=$iface\n\tfi\ndone\n\t\n\ncat <<CONF>/etc/sysconfig/network/ifcfg-$nic1 \n#This file has been altered by Image Streamer.\nSTARTMODE='hotplug'\nBOOTPROTO='none'\nCONF\n\ncat <<CONF>/etc/sysconfig/network/ifcfg-$nic2 \n#This file has been altered by Image Streamer.\nSTARTMODE='hotplug'\nBOOTPROTO='none'\nCONF\n\n\nif [[ -z $net1_ip ]]\nthen\n\necho \"Configure $bond_name for dhcp.\"\ncat <<CONF>/etc/sysconfig/network/ifcfg-$bond_name\n# Bonding $nic1 and $nic2 to create $bond_name NIC and Configure $bond_name for static.\nSTARTMODE='auto' # or 'onboot'\nBOOTPROTO='dhcp'\nBONDING_MASTER='yes'\nBONDING_SLAVE_0='$nic1'\nBONDING_SLAVE_1='$nic2'\nBONDING_MODULE_OPTS='mode=active-backup miimon=100'\nCONF\n\nelse\n\necho \"Configure $bond_name for static.\"\ncat <<CONF>/etc/sysconfig/network/ifcfg-$bond_name\n# Bonding $nic1 and $nic2 to create $bond_name NIC and Configure $bond_name for static.\nSTARTMODE='auto' # or 'onboot'\nBOOTPROTO='static'\nIPADDR='$net1_ip'\nNETMASK='$net1_netmask'\nBONDING_MASTER='yes'\nBONDING_SLAVE_0='$nic1'\nBONDING_SLAVE_1='$nic2'\nBONDING_MODULE_OPTS='mode=active-backup miimon=100'\nCONF\n\ncat <<CONF>/etc/resolv.conf \n#This file has been modified by Image Streamer.\nsearch $net_domain\nnameserver $dns1\nnameserver $dns2 \nCONF\n\ncat <<CONF>/etc/sysconfig/network/routes\n#This file has been modified by Image Streamer.\ndefault $gateway - -\nCONF\n\nfi\nexit 0\nEND\n\n#Parent script for NIC bonding.\nupload -<<END /EFI/HPE/isdeploy/scripts/02bonding-configuration.bash\n#! /bin/bash\n\ncat <<'CONF'> /boot/efi/EFI/HPE/isdeploy/tmp/interface_names\necho \" Making This Directory to Test\"\nCONF\n\nisroot=\"/boot/efi/EFI/HPE/isdeploy\"\n\nbond_count=@TotalNICbondings:1@\nbond0=@NICBond0Name:bond0@\nbond1=@NICBond1Name:bond1@\n\n#Stop networking\nsystemctl stop network\n\nmodprobe bonding\n\nfor i in `seq 1 $bond_count`\ndo\n\tif [ $i -eq 1 ];then\n\t\techo $bond0 > ${isroot}/tmp/interface_names\n\t\tif [[ \"@Bond0NIC1.ipaddress@\" =~ [0-9]*\\.[0-9]*\\.[0-9]*\\.[0-9]* ]]; then\n\t\t\tsh ${isroot}/tmp/NIC-bonding.bash $bond0 @Bond0NIC1.mac@ @Bond0NIC2.mac@ @Bond0NIC1.ipaddress@ @Bond0NIC1.netmask@ @Bond0NIC1.domain@ @Bond0NIC1.dns1@ @Bond0NIC1.dns2@ @Bond0NIC1.gateway@\n\t\telse\n\t\t\tsh ${isroot}/tmp/NIC-bonding.bash $bond0 @Bond0NIC1.mac@ @Bond0NIC2.mac@\n\t\tfi\n\telif [ $i -eq 2 ];then\n\t\techo $bond1 >> ${isroot}/tmp/interface_names\n\t\tif [[ \"@Bond1NIC1.ipaddress@\" =~ [0-9]*\\.[0-9]*\\.[0-9]*\\.[0-9]* ]]; then\n\t\t\tsh ${isroot}/tmp/NIC-bonding.bash $bond1 @Bond1NIC1.mac@ @Bond1NIC2.mac@ @Bond1NIC1.ipaddress@ @Bond1NIC1.netmask@ @Bond1NIC1.domain@ @Bond1NIC1.dns1@ @Bond1NIC1.dns2@ @Bond1NIC1.gateway@\n\t\telse\n\t\t\tsh ${isroot}/tmp/NIC-bonding.bash $bond1 @Bond1NIC1.mac@ @Bond1NIC2.mac@\n\t\tfi\n\tfi\ndone\nsystemctl restart network\nEND","customAttributes":null,"hpProvided":true,"dependentArtifacts":null}