{"type":"OeBuildPlan","uri":null,"category":null,"eTag":null,"created":null,"modified":null,"buildPlanid":"88174330-5c2c-45d3-a62a-9536e8b1ff83","name":"HPE-SLES12-EFI-MultiNIC-2019-06-11","description":"Configures SLES 12 by staging scripts in EFI partition. (c) Copyright 2018-2019 Hewlett Packard Enterprise Development LP Licensed under the Apache License, Version 2.0 (the \"License\");...","status":null,"hpProvided":true,"oeBuildPlanType":"deploy","buildStep":[{"planScriptUri":"/rest/plan-scripts/b93f7798-34a7-4996-8db5-2fd258083a85","serialNumber":"1","parameters":null,"planScriptName":"HPE-SLES12-EFI-mount-2018-09-25"},{"planScriptUri":"/rest/plan-scripts/135f7e5b-f56d-40cc-afbe-a45bb3c06e62","serialNumber":"2","parameters":null,"planScriptName":"HPE-SLES12-EFI-wrapper-2019-03-24"},{"planScriptUri":"/rest/plan-scripts/6072a6f5-1fc3-473a-b350-f8185ec1e503","serialNumber":"3","parameters":null,"planScriptName":"HPE-SLES12-EFI-configure-multiple-NICs-2019-06-05"},{"planScriptUri":"/rest/plan-scripts/4485049e-95b9-4294-b647-2fe5075708e9","serialNumber":"4","parameters":null,"planScriptName":"HPE-SLES12-EFI-configure-users-2018-09-25"},{"planScriptUri":"/rest/plan-scripts/964ad19f-b576-4a1a-8a22-ae0aaeea97e4","serialNumber":"5","parameters":null,"planScriptName":"HPE-SLES12-EFI-configure-hostname-2019-04-25"},{"planScriptUri":"/rest/plan-scripts/d73d05ae-9f16-4dda-8048-d0d5d1940a71","serialNumber":"6","parameters":null,"planScriptName":"HPE-SLES12-EFI-manage-ssh-service-2018-05-15"},{"planScriptUri":"/rest/plan-scripts/2550912c-5dae-4970-953a-81f91f1ac3c0","serialNumber":"7","parameters":null,"planScriptName":"HPE-SLES12-EFI-LVM-2019-05-15"},{"planScriptUri":"/rest/plan-scripts/e73edb34-4161-45ae-9344-81dab4b545df","serialNumber":"8","parameters":null,"planScriptName":"HPE-SLES12-EFI-unmount-2018-09-25"}],"customAttributes":[{"name":"LvmVolumeName","description":"","value":"new_vol","constraints":"{}","type":"string"},{"name":"DomainName","description":"DomainName of the server.","value":"","constraints":"{\"helpText\":\"\"}","type":"fqdn"},{"name":"FirstPartitionSize","description":"Specify size in GB","value":"10","constraints":"{\"unit\":\"GB\"}","type":"number"},{"name":"SSH","description":"","value":"Enable","constraints":"{\"options\":[\"Enable\",\"Disable\"]}","type":"option"},{"name":"NewRootPassword","description":"User-defined root password.","value":"","constraints":"{\"maxlen\":\"20\"}","type":"password"},{"name":"DiskName","description":"","value":"/dev/sda","constraints":"{}","type":"string"},{"name":"NewUsers","description":"User-defined list of new users be created on the server.","value":"","constraints":"{\"regex\":\"\",\"helpText\":\"\"}","type":"string"},{"name":"LvmVolumeSize","description":"Specify Size in GB","value":"16","constraints":"{\"unit\":\"GB\"}","type":"number"},{"name":"MgmtNICUsedTotal","description":"The number of Mgmt NICs configured above","value":"1","constraints":"{\"minimum\":\"1\",\"maximum\":\"4\",\"increment\":\"1\"}","type":"number"},{"name":"FileSystem","description":"Select Filesystem type for external HDD LVM Configuration","value":"Disabled","constraints":"{\"options\":[\"Disabled\",\"XFS\",\"EXT4\",\"BTRFS\"]}","type":"option"},{"name":"ManagementNIC2","description":"","value":null,"constraints":"{\"ipv4static\":true,\"ipv4dhcp\":true,\"ipv4disable\":true,\"parameters\":[\"dns1\",\"dns2\",\"domain\",\"gateway\",\"ipaddress\",\"mac\",\"netmask\"]}","type":"nic"},{"name":"ManagementNIC1","description":"","value":null,"constraints":"{\"ipv4static\":true,\"ipv4dhcp\":true,\"ipv4disable\":false,\"parameters\":[\"dns1\",\"dns2\",\"domain\",\"gateway\",\"ipaddress\",\"mac\",\"netmask\"]}","type":"nic"},{"name":"NewUsersPassword","description":"User-defined password for all new users added to the server.","value":"","constraints":"{\"maxlen\":\"20\"}","type":"password"},{"name":"SecondPartitionSize","description":"Specify Size in GB","value":"10","constraints":"{\"unit\":\"GB\"}","type":"number"},{"name":"ManagementNIC4","description":"","value":null,"constraints":"{\"ipv4static\":true,\"ipv4dhcp\":true,\"ipv4disable\":true,\"parameters\":[\"dns1\",\"dns2\",\"domain\",\"gateway\",\"ipaddress\",\"mac\",\"netmask\"]}","type":"nic"},{"name":"ManagementNIC3","description":"","value":null,"constraints":"{\"ipv4static\":true,\"ipv4dhcp\":true,\"ipv4disable\":true,\"parameters\":[\"dns1\",\"dns2\",\"domain\",\"gateway\",\"ipaddress\",\"mac\",\"netmask\"]}","type":"nic"},{"name":"HostName","description":"Hostname of the server.","value":"","constraints":"{\"helpText\":\"\"}","type":"hostname"},{"name":"LvmVolumeGroupName","description":"","value":"new_vol_group","constraints":"{}","type":"string"}],"dependentArtifacts":null}