{"type":"OeBuildPlan","uri":null,"category":null,"eTag":null,"created":null,"modified":null,"buildPlanid":"e2bf3a9a-7973-4aa5-91b3-33136c09556c","name":"HPE-SLES12-EFI-BONDING-2019-06-11","description":"Configures SLES 12 by staging scripts in EFI partition. (c) Copyright 2018-2019 Hewlett Packard Enterprise Development LP Licensed under the Apache License, Version 2.0 (the \"License\")","status":null,"hpProvided":true,"oeBuildPlanType":"deploy","buildStep":[{"planScriptUri":"/rest/plan-scripts/b93f7798-34a7-4996-8db5-2fd258083a85","serialNumber":"1","parameters":null,"planScriptName":"HPE-SLES12-EFI-mount-2018-09-25"},{"planScriptUri":"/rest/plan-scripts/135f7e5b-f56d-40cc-afbe-a45bb3c06e62","serialNumber":"2","parameters":null,"planScriptName":"HPE-SLES12-EFI-wrapper-2019-03-24"},{"planScriptUri":"/rest/plan-scripts/0fc6fd1e-2f1b-429e-b5bb-86e960ac0b06","serialNumber":"3","parameters":null,"planScriptName":"HPE-SLES12-EFI-IbftBonding-2019-04-25"},{"planScriptUri":"/rest/plan-scripts/22ebda69-95fe-49b7-94ce-4390b5445808","serialNumber":"4","parameters":null,"planScriptName":"HPE-SLES12-EFI-configure-bonding-2019-04-25"},{"planScriptUri":"/rest/plan-scripts/964ad19f-b576-4a1a-8a22-ae0aaeea97e4","serialNumber":"5","parameters":null,"planScriptName":"HPE-SLES12-EFI-configure-hostname-2019-04-25"},{"planScriptUri":"/rest/plan-scripts/4485049e-95b9-4294-b647-2fe5075708e9","serialNumber":"6","parameters":null,"planScriptName":"HPE-SLES12-EFI-configure-users-2018-09-25"},{"planScriptUri":"/rest/plan-scripts/d73d05ae-9f16-4dda-8048-d0d5d1940a71","serialNumber":"7","parameters":null,"planScriptName":"HPE-SLES12-EFI-manage-ssh-service-2018-05-15"},{"planScriptUri":"/rest/plan-scripts/2550912c-5dae-4970-953a-81f91f1ac3c0","serialNumber":"8","parameters":null,"planScriptName":"HPE-SLES12-EFI-LVM-2019-05-15"},{"planScriptUri":"/rest/plan-scripts/e73edb34-4161-45ae-9344-81dab4b545df","serialNumber":"9","parameters":null,"planScriptName":"HPE-SLES12-EFI-unmount-2018-09-25"}],"customAttributes":[{"name":"NICBond0Name","description":"","value":"bond0","constraints":"{}","type":"string"},{"name":"LvmVolumeName","description":"","value":"new_vol","constraints":"{}","type":"string"},{"name":"DomainName","description":"","value":"","constraints":"{\"helpText\":\"\"}","type":"fqdn"},{"name":"FirstPartitionSize","description":"Specify size in GB","value":"10","constraints":"{\"unit\":\"GB\"}","type":"number"},{"name":"Bond1NIC1","description":"","value":null,"constraints":"{\"ipv4static\":true,\"ipv4dhcp\":true,\"ipv4disable\":true,\"parameters\":[\"dns1\",\"dns2\",\"domain\",\"gateway\",\"ipaddress\",\"mac\",\"netmask\"]}","type":"nic"},{"name":"Bond1NIC2","description":"","value":null,"constraints":"{\"ipv4static\":true,\"ipv4dhcp\":true,\"ipv4disable\":true,\"parameters\":[\"mac\"]}","type":"nic"},{"name":"SSH","description":"","value":"Enable","constraints":"{\"options\":[\"Enable\",\"Disable\"]}","type":"option"},{"name":"NewRootPassword","description":"","value":"","constraints":"{\"maxlen\":\"20\"}","type":"password"},{"name":"DiskName","description":"","value":"/dev/sda","constraints":"{}","type":"string"},{"name":"NewUsers","description":"","value":"","constraints":"{}","type":"string"},{"name":"LvmVolumeSize","description":"Specify size in GB","value":"16","constraints":"{\"unit\":\"GB\"}","type":"number"},{"name":"NICBond1Name","description":"","value":"bond1","constraints":"{}","type":"string"},{"name":"Bond0NIC1","description":"","value":null,"constraints":"{\"ipv4static\":true,\"ipv4dhcp\":true,\"ipv4disable\":false,\"parameters\":[\"dns1\",\"dns2\",\"domain\",\"gateway\",\"ipaddress\",\"mac\",\"netmask\"]}","type":"nic"},{"name":"TotalNICbondings","description":"","value":"1","constraints":"{\"minimum\":\"1\",\"maximum\":\"2\",\"increment\":\"1\"}","type":"number"},{"name":"Bond0NIC2","description":"","value":null,"constraints":"{\"ipv4static\":true,\"ipv4dhcp\":true,\"ipv4disable\":false,\"parameters\":[\"mac\"]}","type":"nic"},{"name":"FileSystem","description":"Select Filesystem type for external HDD LVM configuration","value":"Disabled","constraints":"{\"options\":[\"Disabled\",\"XFS\",\"BTRFS\",\"EXT4\"]}","type":"option"},{"name":"NewUsersPassword","description":"","value":"","constraints":"{\"maxlen\":\"20\"}","type":"password"},{"name":"SecondPartitionSize","description":"Specify size in GB","value":"10","constraints":"{\"unit\":\"GB\"}","type":"number"},{"name":"HostName","description":"","value":"","constraints":"{\"helpText\":\"\"}","type":"hostname"},{"name":"LvmVolumeGroupName","description":"","value":"new_vol_group","constraints":"{}","type":"string"}],"dependentArtifacts":null}