{"type":"OeBuildPlan","uri":null,"category":null,"eTag":null,"created":null,"modified":null,"buildPlanid":"22c0b201-8b86-46ff-a040-f1456159b651","name":"SLES-12-personalize-and-configure-NICs-LVM-BP-2018-10-15","description":"Personalizes SLES 12 and configures NICs. (c) Copyright 2017 Hewlett Packard Enterprise Development LP Licensed under the Apache License, Version 2.0 (the \"License\");...","status":null,"hpProvided":true,"oeBuildPlanType":"deploy","buildStep":[{"planScriptUri":"/rest/plan-scripts/5209e835-b803-478f-853c-286460c2e1c5","serialNumber":"1","parameters":null,"planScriptName":"SLES-12-mount-and-validate - 2018-05-10"},{"planScriptUri":"/rest/plan-scripts/8e39bf0c-42b8-48a0-891d-3c7be4e4b329","serialNumber":"2","parameters":null,"planScriptName":"SLES-12-configure-multiple-NICs - 2017-08-08"},{"planScriptUri":"/rest/plan-scripts/c74c244a-0b79-4497-a8a8-9c93b747fc95","serialNumber":"3","parameters":null,"planScriptName":"SLES-12-configure-users - 2018-01-22"},{"planScriptUri":"/rest/plan-scripts/938a66d3-9f96-4736-bde6-ef9add278296","serialNumber":"4","parameters":null,"planScriptName":"SLES-12-configure-hostname-2017-12-21"},{"planScriptUri":"/rest/plan-scripts/7164ed05-d829-4f5f-9f7c-a829e33abe94","serialNumber":"5","parameters":null,"planScriptName":"SLES-12-manage-security-services - 2017-03-15"},{"planScriptUri":"/rest/plan-scripts/352c23d9-0949-424b-b535-a1f9131a570b","serialNumber":"6","parameters":null,"planScriptName":"SLES-12-configure-partition-using-LVM - 2017-03-15"},{"planScriptUri":"/rest/plan-scripts/348e6414-f8db-48ae-912b-0e5a1004fc67","serialNumber":"7","parameters":null,"planScriptName":"SLES-12-unmount - 2017-03-15"}],"customAttributes":[{"name":"LvmVolumeName","description":"User-defined VolumeName for the LVM.","value":"new_vol","constraints":"{\"regex\":\"\",\"helpText\":\"\"}","type":"string"},{"name":"DomainName","description":"DomainName of the server.","value":"","constraints":"{\"helpText\":\"\"}","type":"fqdn"},{"name":"FirstPartitionSize","description":"User-defined size for the first partition created.","value":"10","constraints":"{\"unit\":\"GiB\"}","type":"number"},{"name":"SSH","description":"User-defined option to enable or disable SSH.","value":"Enabled","constraints":"{\"options\":[\"Enabled\",\"Disabled\"]}","type":"option"},{"name":"LogicalVolumeName","description":"User-defined logical volume name.","value":"new_vol","constraints":"{\"regex\":\"\",\"helpText\":\"\"}","type":"string"},{"name":"DiskName","description":"Name of the disk created on the user-defined partition.","value":"/dev/sda","constraints":"{\"regex\":\"\",\"helpText\":\"\"}","type":"string"},{"name":"NewRootPassword","description":"User-defined root password.","value":"","constraints":"{\"maxlen\":\"10\"}","type":"password"},{"name":"TotalMgmtNICs","description":"Total Management NIC's created on the server.","value":"1","constraints":"{\"options\":[\"1\"]}","type":"number"},{"name":"LvmVolumeSize","description":"User-defined size for the LVM volume created.","value":"15","constraints":"{\"unit\":\"GiB\"}","type":"number"},{"name":"NewUserPassword","description":"User-defined NewUser password.","value":"","constraints":"{\"maxlen\":\"10\"}","type":"password"},{"name":"LogicalVolumeGroupName","description":"User-defined GroupName for the logical volume created.","value":"new_vol_group","constraints":"{\"regex\":\"\",\"helpText\":\"\"}","type":"string"},{"name":"ManagementNIC2","description":"Management NIC attributes for NIC2.","value":null,"constraints":"{\"ipv4static\":true,\"ipv4dhcp\":true,\"ipv4disable\":true,\"parameters\":[\"dns1\",\"dns2\",\"domain\",\"gateway\",\"ipaddress\",\"mac\",\"netmask\"]}","type":"nic"},{"name":"SecondPartitionSize","description":"User-defined size for the second partition created.","value":"10","constraints":"{\"unit\":\"GiB\"}","type":"number"},{"name":"ManagementNIC1","description":"Management NIC attributes for NIC1.","value":null,"constraints":"{\"ipv4static\":true,\"ipv4dhcp\":true,\"ipv4disable\":true,\"parameters\":[\"dns1\",\"dns2\",\"domain\",\"gateway\",\"ipaddress\",\"mac\",\"netmask\"]}","type":"nic"},{"name":"ManagementNIC4","description":"Management NIC attributes for NIC4.","value":null,"constraints":"{\"ipv4static\":true,\"ipv4dhcp\":true,\"ipv4disable\":true,\"parameters\":[\"dns1\",\"dns2\",\"domain\",\"gateway\",\"ipaddress\",\"mac\",\"netmask\"]}","type":"nic"},{"name":"ManagementNIC3","description":"Management NIC attributes for NIC3.","value":null,"constraints":"{\"ipv4static\":true,\"ipv4dhcp\":true,\"ipv4disable\":true,\"parameters\":[\"dns1\",\"dns2\",\"domain\",\"gateway\",\"ipaddress\",\"mac\",\"netmask\"]}","type":"nic"},{"name":"HostName","description":"Hostname of the server.","value":"","constraints":"{\"helpText\":\"\"}","type":"hostname"},{"name":"LvmVolumeGroupName","description":"User-defined GroupName for the LVM volume created.","value":"new_vol_group","constraints":"{\"regex\":\"\",\"helpText\":\"\"}","type":"string"},{"name":"NewUser","description":"User-defined New User to be created on the server.","value":"","constraints":"{\"regex\":\"\",\"helpText\":\"\"}","type":"string"}],"dependentArtifacts":null}