{"type":"PlanScript","uri":null,"category":null,"eTag":null,"created":null,"modified":null,"id":"5209e835-b803-478f-853c-286460c2e1c5","name":"SLES-12-mount-and-validate - 2018-05-10","description":"mount partition and validate the OS image","status":null,"state":null,"planType":"general","content":"# (c) Copyright 2018 Hewlett Packard Enterprise Development LP\n#\n# Licensed under the Apache License, Version 2.0 (the \"License\");\n# you may not use this file except in compliance with the License.\n# You may obtain a copy of the License at http://www.apache.org/licenses/LICENSE-2.0\n#\n# Unless required by applicable law or agreed to in writing, software distributed\n# under the License is distributed on an \"AS IS\" BASIS, WITHOUT WARRANTIES OR\n# CONDITIONS OF ANY KIND, either express or implied. See the License for the\n# specific language governing permissions and limitations under the License.\n\n# List the Volume Group and lvols:\nvgs\nlvs\nlist-filesystems\n\n# Mount the root partition\nmount /dev/sda3 /\n\n#Create temporary directory\nmkdir-p /tmp/ImageStreamer\n\necho \"Check Image Streamer capture details\"\n-download /ImageStreamerCapture ./ImageStreamerCapture\n\nupload -<<END /tmp/ImageStreamer/check_capture\n#!/bin/bash\nif [ -f ./ImageStreamerCapture ]; then\n    echo \"Capture details:\"\n    cat ./ImageStreamerCapture\nelse\n    echo\n    echo \"WARNING: SLES 12 Golden Image was not captured by Image Streamer.\"\n    echo \"Golden Image may not be prepared for correct personalization.\"\n    echo \"Recommend deploying Golden Image as is and capturing a new\"\n    echo \"Golden Image using Image Streamer via correct capture Build Plan\"\n    echo\nfi\necho\nEND\ndownload /tmp/ImageStreamer/check_capture ./check_capture\n!source ./check_capture\n\n-rm-f /ImageStreamerCapture\n\necho \"Copy out after.local\"\ndownload /etc/init.d/after.local ./after.local\n#Take a backup\necho \"Take a backup of after.local\"\ndownload /etc/init.d/after.local ./after.local.backup\n\n#Setup after.local file to run scripts at the boot time.\n!echo \"#The following commands has been added from the Image Streamer\" >> ./after.local","customAttributes":null,"hpProvided":true,"dependentArtifacts":null}