{"type":"OeBuildPlan","uri":null,"category":null,"eTag":null,"created":null,"modified":null,"buildPlanid":"6e659940-cfd9-4c90-92d0-300aae551a4b","name":"SLES-12-generalize-2018-05-10","description":"Removes personalization settings from SLES 12.\n\n(c) Copyright 2018 Hewlett Packard Enterprise Development LP\n\nLicensed under the Apache License, Version 2.0 (the \"License\");...","status":null,"hpProvided":true,"oeBuildPlanType":"capture","buildStep":[{"planScriptUri":"/rest/plan-scripts/41f2461f-575c-4107-b61d-292b72da73d1","serialNumber":"1","parameters":null,"planScriptName":"SLES-12-mount-generalize - 2018-05-10"},{"planScriptUri":"/rest/plan-scripts/117d8e78-7f6e-4932-a740-b01696e90989","serialNumber":"2","parameters":null,"planScriptName":"SLES-12-generalize-host - 2017-03-15"},{"planScriptUri":"/rest/plan-scripts/6356edfb-fd33-4cc3-a32f-c9d1ea04fe02","serialNumber":"3","parameters":null,"planScriptName":"SLES-12-generalize-network - 2017-03-15"},{"planScriptUri":"/rest/plan-scripts/f04ae5f3-d4d4-4140-a16a-05cb7c04af9a","serialNumber":"4","parameters":null,"planScriptName":"SLES-12-generalize-users - 2017-03-15"},{"planScriptUri":"/rest/plan-scripts/a2164a3c-e138-42fa-a321-66f9fbac5105","serialNumber":"5","parameters":null,"planScriptName":"SLES-12-unmount-genralize - 2017-03-15"}],"customAttributes":[],"dependentArtifacts":null}