{"type":"OeBuildPlan","uri":null,"category":null,"eTag":null,"created":null,"modified":null,"buildPlanid":"b4bb5b9a-0d9f-4735-8a79-9f7dbc4f2fb7","name":"HPE-SLES15-EFI-BONDING-2020-04-02","description":"Configures SLES 15 by staging scripts in EFI partition. This buildplan configures HA for iSCSI boot connections and Bonding of Management connections (c) Copyright 2019-2020 Hewlett Packard Enterprise Development LP Licensed under the Apache License, Version 2.0 (the \"License\")","status":null,"hpProvided":true,"oeBuildPlanType":"deploy","buildStep":[{"planScriptUri":"/rest/plan-scripts/90b89565-6ea3-4e56-acc7-a33fdd351571","serialNumber":"1","parameters":null,"planScriptName":"HPE-SLES15-EFI-mount-2018-09-25"},{"planScriptUri":"/rest/plan-scripts/7055c154-9811-4512-b42f-ac5e05f41a5e","serialNumber":"2","parameters":null,"planScriptName":"HPE-SLES15-EFI-wrapper-2019-03-24"},{"planScriptUri":"/rest/plan-scripts/615a6c08-58e0-4efa-b893-f744f9d7a9ec","serialNumber":"3","parameters":null,"planScriptName":"HPE-SLES15-EFI-ibftBonding-2020-04-02"},{"planScriptUri":"/rest/plan-scripts/120a972b-80f7-4667-8cc9-04085a2f2e83","serialNumber":"4","parameters":null,"planScriptName":"HPE-SLES15-EFI-configure-bonding-2019-04-25"},{"planScriptUri":"/rest/plan-scripts/bafd5605-6890-422c-886a-42846c53faad","serialNumber":"5","parameters":null,"planScriptName":"HPE-SLES15-EFI-configure-hostname-2019-04-25"},{"planScriptUri":"/rest/plan-scripts/85ccd05f-c70d-472c-8cf3-4f2adb2447a0","serialNumber":"6","parameters":null,"planScriptName":"HPE-SLES15-EFI-configure-users-2018-09-25"},{"planScriptUri":"/rest/plan-scripts/7418dac4-e321-46b8-8d05-d9219aa1bd42","serialNumber":"7","parameters":null,"planScriptName":"HPE-SLES15-EFI-manage-ssh-service-2020-08-24"},{"planScriptUri":"/rest/plan-scripts/d03e2e7c-047b-4f57-a877-4c6308f73578","serialNumber":"8","parameters":null,"planScriptName":"HPE-SLES15-EFI-LVM-2019-05-15"},{"planScriptUri":"/rest/plan-scripts/342336da-ba31-44b5-98f9-df4737e1a269","serialNumber":"9","parameters":null,"planScriptName":"HPE-SLES15-EFI-unmount-2018-09-25"}],"customAttributes":[{"name":"NICBond0Name","description":"Name of NICBond0","value":"bond0","constraints":"{\"regex\":\"\",\"helpText\":\"\"}","type":"string"},{"name":"LvmVolumeName","description":"A name for the logical volume created on the host.","value":"new_vol","constraints":"{\"regex\":\"\",\"helpText\":\"\"}","type":"string"},{"name":"DomainName","description":"Domain name for the host.","value":"","constraints":"{\"helpText\":\"\"}","type":"fqdn"},{"name":"FirstPartitionSize","description":"A partition size for the first partition on the disk.","value":"10","constraints":"{\"unit\":\"GB\"}","type":"number"},{"name":"Bond1NIC1","description":"The mac sub-attribute is a mandatory field in NIC type custom attributes.","value":null,"constraints":"{\"ipv4static\":true,\"ipv4dhcp\":true,\"ipv4disable\":true,\"parameters\":[\"dns1\",\"dns2\",\"domain\",\"gateway\",\"ipaddress\",\"mac\",\"netmask\"]}","type":"nic"},{"name":"Bond1NIC2","description":"The mac sub-attribute is a mandatory field in NIC type custom attributes.","value":null,"constraints":"{\"ipv4static\":true,\"ipv4dhcp\":true,\"ipv4disable\":true,\"parameters\":[\"mac\"]}","type":"nic"},{"name":"SSH","description":"SSH service to enable clients to connect via SSH protocol.","value":"Enable","constraints":"{\"options\":[\"Enable\",\"Disable\"]}","type":"option"},{"name":"NewRootPassword","description":"Password for the new root user.","value":"","constraints":"{\"maxlen\":\"20\"}","type":"password"},{"name":"DiskName","description":"The disk partition prefix for e.g. \"/dev/sda\" to be able to create partitions on the volume.","value":"/dev/sda","constraints":"{\"regex\":\"\",\"helpText\":\"\"}","type":"string"},{"name":"NewUsers","description":"New user to be created on the server.","value":"","constraints":"{\"regex\":\"\",\"helpText\":\"\"}","type":"string"},{"name":"LvmVolumeSize","description":"Size for the logical volume to be created on the host.","value":"16","constraints":"{\"unit\":\"GB\"}","type":"number"},{"name":"NICBond1Name","description":"Name of NICBond1","value":"bond1","constraints":"{\"regex\":\"\",\"helpText\":\"\"}","type":"string"},{"name":"Bond0NIC1","description":"The mac sub-attribute is a mandatory field in NIC type custom attributes.","value":null,"constraints":"{\"ipv4static\":true,\"ipv4dhcp\":true,\"ipv4disable\":false,\"parameters\":[\"dns1\",\"dns2\",\"domain\",\"gateway\",\"ipaddress\",\"mac\",\"netmask\"]}","type":"nic"},{"name":"TotalNICbondings","description":"A count to keep track of the total teaming to be done on the host.","value":"1","constraints":"{\"minimum\":\"1\",\"maximum\":\"2\",\"increment\":\"1\"}","type":"number"},{"name":"Bond0NIC2","description":"The mac sub-attribute is a mandatory field in NIC type custom attributes.","value":null,"constraints":"{\"ipv4static\":true,\"ipv4dhcp\":true,\"ipv4disable\":false,\"parameters\":[\"mac\"]}","type":"nic"},{"name":"FileSystem","description":"Type of FileSystem","value":"Disabled","constraints":"{\"options\":[\"Disabled\",\"XFS\",\"BTRFS\",\"EXT4\"]}","type":"option"},{"name":"NewUsersPassword","description":"Password for the new user to be created on the server.","value":"","constraints":"{\"maxlen\":\"20\"}","type":"password"},{"name":"SecondPartitionSize","description":"A partition size for the second partition created on the volume.","value":"10","constraints":"{\"unit\":\"GB\"}","type":"number"},{"name":"HostName","description":"Hostname for RHEL host. The hostname value can be defined manually or by using the tokens. This value must conform to valid hostname requirement defined by Internet standards.","value":"","constraints":"{\"helpText\":\"\"}","type":"hostname"},{"name":"LvmVolumeGroupName","description":"A name for the logical volume group created on the host.","value":"new_vol_group","constraints":"{\"regex\":\"\",\"helpText\":\"\"}","type":"string"}],"dependentArtifacts":null}