{"type":"PlanScript","dependentArtifacts":null,"hpProvided":true,"eTag":null,"created":null,"modified":null,"customAttributes":null,"planType":"deploy","description":"configure hostname","category":null,"status":null,"uri":null,"name":"SLES-12-configure-hostname-2017-03-15","id":"197e304e-6441-4ba4-b5f1-8bc686947b41","state":null,"content":"# (c) Copyright 2017 Hewlett Packard Enterprise Development LP\n#\n# Licensed under the Apache License, Version 2.0 (the \"License\");\n# you may not use this file except in compliance with the License.\n# You may obtain a copy of the License at http://www.apache.org/licenses/LICENSE-2.0\n#\n# Unless required by applicable law or agreed to in writing, software distributed\n# under the License is distributed on an \"AS IS\" BASIS, WITHOUT WARRANTIES OR\n# CONDITIONS OF ANY KIND, either express or implied. See the License for the\n# specific language governing permissions and limitations under the License.\n\n# Update hostname\nupload -<<END /etc/hostname\n@DomainName@\nEND\n\nupload -<<ENDD /etc/init.d/add_def_gateway\n#!/bin/bash\n### BEGIN INIT INFO\n# Provides:  add_def_gateway\n# Required-Start:  $ALL\n# Should-Start:\n# Required-Stop:\n# Should-Stop:\n# Default-Start:  2 3 5\n# Default-Stop:\n# Description: Adds default route\n### END INIT INFO\n\n\ncase \"$1\" in\n    start)   \n        sleep 40s\n        route add default gw @Gateway@\n exit 0\n       ;;\n    stop)\n       stop\n       ;;\n    restart)\n       stop\n       start\n       ;;\n    status)\n       # code to check status of app comes here\n       # example: status program_name\n       ;;\n    *)\n       echo \"Usage: $0 {start|stop|status|restart}\"\nesac\nexit 0\nENDD\n\nupload -<<END /etc/init.d/rm_add_def_route\n#!/bin/bash\n# chkconfig: 2345 20 80\n# description: Description comes here....\n\n# Source function library.\n. /etc/init.d/functions\n\ncase \"$1\" in\n    start)\n\t\tchkconfig --del add_def_gateway\n\t\tfile=\"/etc/init.d/add_def_gateway\"\n\t\tif [ -f $file ]\n\t\tthen\n\t\t\trm -f $file\n\t\tfi\n\t\tchkconfig --del rm_add_def_route\n\t\tunlink $0\n       ;;\n    stop)\n       stop\n       ;;\n    restart)\n       stop\n       start\n       ;;\n    status)\n       # code to check status of app comes here\n       # example: status program_name\n       ;;\n    *)\n       echo \"Usage: $0 {start|stop|status|restart}\"\nesac\n\nexit 0\nEND\n\nupload -<<END /tmp/ImageStreamer/add-def-route\n#! /bin/bash\n\n#Add to after.local\ncat <<\"EOF\" >>./after.local\n\nchmod +x /etc/init.d/add_def_gateway\nchkconfig --add add_def_gateway\nservice add_def_gateway start &amp;\n\n#### Note ####\n#If you don't want to run the service \"add_def_gateway\" after each boot, you can uncomment the block below.\n#chmod +x /etc/init.d/rm_add_def_route\n#chkconfig --add rm_add_def_route\n#service rm_add_def_route start\n#### Note ####\n\nEOF\n\nexit 0\nEND\n\ndownload /tmp/ImageStreamer/add-def-route ./add-def-route\n!source ./add-def-route\n\n# Update /etc/hosts file\nupload -<<END /tmp/update_hosts\n#!/bin/bash\nifaces=`cat /tmp/interface_names`\nrm -f /tmp/interface_names\nread -r -a array <<< $ifaces\niface=${array[0]}\nsleep 5s\nip_address=`/sbin/ifconfig $iface | grep 'inet addr' | cut -d: -f2 | gawk '{print $1}'`\nfqdn=@DomainName@\nalias=`echo \"$fqdn\" | gawk -F'[.]' '{print $1}'`\nsed -i -e \"/127.0.0.1/a\\\\$ip_address $fqdn $alias\" /etc/hosts\nsed -i \"/127.0.0.1/a\\\\#This file has been altered by Image Streamer.\" /etc/hosts\nunlink $0\nEND\n\n#Add script to after.local to run on startup.\n!echo \"sh /tmp/update_hosts\" >> ./after.local"}