{"type":"PlanScript","dependentArtifacts":null,"hpProvided":true,"eTag":null,"created":null,"modified":null,"customAttributes":null,"planType":"deploy","description":"configure NIC bondings","category":null,"status":null,"uri":null,"name":"SLES-12-configure-multiple-NIC-bonding-2017-03-15","id":"290ca503-908f-486e-b314-15e3add16922","state":null,"content":"# (c) Copyright 2017 Hewlett Packard Enterprise Development LP\n#\n# Licensed under the Apache License, Version 2.0 (the \"License\");\n# you may not use this file except in compliance with the License.\n# You may obtain a copy of the License at http://www.apache.org/licenses/LICENSE-2.0\n#\n# Unless required by applicable law or agreed to in writing, software distributed\n# under the License is distributed on an \"AS IS\" BASIS, WITHOUT WARRANTIES OR\n# CONDITIONS OF ANY KIND, either express or implied. See the License for the\n# specific language governing permissions and limitations under the License.\n\n#Child script for NIC bonding.\nupload -<<END /tmp/NIC-bonding\n#! /bin/bash\nbond_name=$1\nnet1_mac=$2\nnet2_mac=$3\nnet1_ip=$4\nnet1_netmask=$5\nnet_domain=$6\ndns1=$7\ndns2=$8\n\n#Check the maching interface names for mac addresses.\ninterfaces=`ls /sys/class/net/`\nfor iface in $interfaces\ndo\n\tmac=`cat /sys/class/net/$iface/address`\n\tif [ ${mac,,} == ${net1_mac,,} ]\n\tthen\n\t\tnic1=$iface\n\telif [ ${mac,,} == ${net2_mac,,} ]\n\tthen\n\t\tnic2=$iface\n\tfi\ndone\n\t\n\ncat <<CONF>/etc/sysconfig/network/ifcfg-$nic1 \n#This file has been altered by Image Streamer.\nSTARTMODE='hotplug'\nBOOTPROTO='none'\nCONF\n\ncat <<CONF>/etc/sysconfig/network/ifcfg-$nic2 \n#This file has been altered by Image Streamer.\nSTARTMODE='hotplug'\nBOOTPROTO='none'\nCONF\n\n\nif [[ -z $net1_ip ]]\nthen\n\necho \"Configure $bond_name for dhcp.\"\ncat <<CONF>/etc/sysconfig/network/ifcfg-$bond_name\n# Bonding $nic1 &amp;amp; $nic2 to create $bond_name NIC and Configure $bond_name for static.\nSTARTMODE='auto' # or 'onboot'\nBOOTPROTO='dhcp'\nBONDING_MASTER='yes'\nBONDING_SLAVE_0='$nic1'\nBONDING_SLAVE_1='$nic2'\nBONDING_MODULE_OPTS='mode=active-backup miimon=100'\nCONF\n\nelse\n\necho \"Configure $bond_name for static.\"\ncat <<CONF>/etc/sysconfig/network/ifcfg-$bond_name\n# Bonding $nic1 &amp;amp; $nic2 to create $bond_name NIC and Configure $bond_name for static.\nSTARTMODE='auto' # or 'onboot'\nBOOTPROTO='static'\nIPADDR='$net1_ip'\nNETMASK='$net1_netmask'\nBONDING_MASTER='yes'\nBONDING_SLAVE_0='$nic1'\nBONDING_SLAVE_1='$nic2'\nBONDING_MODULE_OPTS='mode=active-backup miimon=100'\nCONF\n\ncat <<CONF>/etc/resolv.conf \n#This file has been modified by Image Streamer.\nsearch $net_domain\nnameserver $dns1\nnameserver $dns2 \nCONF\n\nfi\nexit 0\nEND\n\nupload -<<ENDD /etc/init.d/ibftBond\n#! /bin/bash\n### BEGIN INIT INFO\n# Provides:  ibftBond\n# Required-Start:  $ALL\n# Should-Start:\n# Required-Stop:\n# Should-Stop:\n# Default-Start:  2 3 5\n# Default-Stop:\n# Description: enable nic teaming for ibft interfaces\n### END INIT INFO\n\ncase \"$1\" in\n  start)\n        sleep 20\n        echo +ibftB > /sys/class/net/bonding_masters\n        echo 1 > /sys/class/net/ibftB/bonding/mode\n\n        ibft1IP=`ifconfig ibft1 | grep 'inet addr:' | cut -d: -f2 | awk '{ print $1}'`\n\n        ip addr flush dev ibft1\n\n        ip addr add $ibft1IP/24 dev ibftB\n\n        ip link set down ibft1\n\n        echo +ibft1 > /sys/class/net/ibftB/bonding/slaves\n\n        ip link set up ibftB\n\n        #ip addr flush dev ibft0\n\n        ip link set down ibft0\n\n        echo +ibft0 > /sys/class/net/ibftB/bonding/slaves\n\n        ip link set up ibft0\n\n        iscsiadm -P 1 -m session\n\n        sleep 10\n\n        ip addr flush dev ibft0\n        #ip addr flush dev ibft0\n        ;;\n  stop)\n        echo -n \"Stopping ibftBond\"\n        ;;\n  *)\n        echo \"Usage: /sbin/service ibftBond {start|stop}\"\n        exit 1\nesac\nexit 0\nENDD\n\n\n\n#Parent script for NIC bonding.\nupload -<<END /tmp/ImageStreamer/bonding-configuration\n#! /bin/bash\nbond_count=@TotalNicbondings:1@\nbond0=@FirstNicBondName:bond0@\nbond1=@SecondNicBondName:bond1@\n\necho \"chmod 755 /etc/init.d/ibftBond\" >> ./after.local\necho \"chkconfig --add ibftBond\" >> ./after.local\necho \"chkconfig --on ibftBond\" >> ./after.local\necho \"service ibftBond start &amp;\" >> ./after.local\n\n#Stop networking\necho \"service network stop\" >> ./after.local\n\nfor i in `seq 1 $bond_count`\ndo\n\tif [ $i -eq 1 ];then\n\t\techo \"echo $bond0 > /tmp/interface_names\" >> ./after.local\n\t\tif [[ \"@Bond0NIC1.ipaddress@\" =~ [0-9]*\\.[0-9]*\\.[0-9]*\\.[0-9]* ]]; then\n\t\t\techo \"sh /tmp/NIC-bonding $bond0 @Bond0NIC1.mac@ @Bond0NIC2.mac@ @Bond0NIC1.ipaddress@ @Bond0NIC1.netmask@ @Bond0NIC1.domain@ @Bond0NIC1.dns1@ @Bond0NIC1.dns2@\" >> ./after.local\n\t\telse\n\t\t\techo \"sh /tmp/NIC-bonding $bond0 @Bond0NIC1.mac@ @Bond0NIC2.mac@\" >> ./after.local\n\t\tfi\n\telif [ $i -eq 2 ];then\n\t\techo \"echo $bond1 >> /tmp/interface_names\" >> ./after.local\n\t\tif [[ \"@Bond1NIC1.ipaddress@\" =~ [0-9]*\\.[0-9]*\\.[0-9]*\\.[0-9]* ]]; then\n\t\t\techo \"sh /tmp/NIC-bonding $bond1 @Bond1NIC1.mac@ @Bond1NIC2.mac@ @Bond1NIC1.ipaddress@ @Bond1NIC1.netmask@ @Bond1NIC1.domain@ @Bond1NIC1.dns1@ @Bond1NIC1.dns2@\" >> ./after.local\n\t\telse\n\t\t\techo \"sh /tmp/NIC-bonding $bond1 @Bond1NIC1.mac@ @Bond1NIC2.mac@\" >> ./after.local\n\t\tfi\n\tfi\ndone\necho \"rm -rf /tmp/NIC-bonding\" >> ./after.local\necho \"rcnetwork restart\" >> ./after.local\n\nEND\n\ndownload /tmp/ImageStreamer/bonding-configuration ./bonding-configuration\n!source ./bonding-configuration"}