{"type":"OeBuildPlan","dependentArtifacts":null,"customAttributes":[{"constraints":"{\"options\":[\"Enabled\",\"Disabled\"]}","description":"","name":"SSH","value":"Enabled","type":"option"},{"constraints":"{}","description":"","name":"SecondNicBondName","value":"bond1","type":"string"},{"constraints":"{}","description":"","name":"LvmVolumeName","value":"new_vol","type":"string"},{"constraints":"{}","description":"","name":"NewUsers","value":"","type":"string"},{"constraints":"{}","description":"","name":"FirstNicBondName","value":"bond0","type":"string"},{"constraints":"{\"maxlen\":\"10\"}","description":"","name":"NewUsersPassword","value":"","type":"password"},{"constraints":"{\"ipv4static\":true,\"ipv4dhcp\":false,\"ipv4disable\":false,\"parameters\":[\"mac\"]}","description":"","name":"Bond0NIC2","value":"","type":"nic"},{"constraints":"{\"ipv4static\":true,\"ipv4dhcp\":false,\"ipv4disable\":false,\"parameters\":[\"dns1\",\"dns2\",\"domain\",\"ipaddress\",\"mac\",\"netmask\"]}","description":"","name":"Bond0NIC1","value":"","type":"nic"},{"constraints":"{\"regex\":\"\",\"helpText\":\"\"}","description":"","name":"DiskName","value":"/dev/sda","type":"string"},{"constraints":"{\"unit\":\"GiB\"}","description":"","name":"FirstPartitionSize","value":"10","type":"number"},{"constraints":"{}","description":"","name":"LvmVolumeGroupName","value":"new_vol_group","type":"string"},{"constraints":"{\"unit\":\"GiB\"}","description":"","name":"SecondPartitionSize","value":"10","type":"number"},{"constraints":"{\"ipv4static\":true,\"ipv4dhcp\":false,\"ipv4disable\":false,\"parameters\":[\"dns1\",\"dns2\",\"domain\",\"ipaddress\",\"mac\",\"netmask\"]}","description":"","name":"Bond1NIC1","value":"","type":"nic"},{"constraints":"{}","description":"","name":"TotalNicbondings","value":"1","type":"string"},{"constraints":"{}","description":"","name":"LogicalVolumeName","value":"new_vol","type":"string"},{"constraints":"{}","description":"","name":"DomainName","value":"","type":"string"},{"constraints":"{}","description":"","name":"Gateway","value":"","type":"string"},{"constraints":"{\"ipv4static\":true,\"ipv4dhcp\":false,\"ipv4disable\":false,\"parameters\":[\"mac\"]}","description":"","name":"Bond1NIC2","value":"","type":"nic"},{"constraints":"{\"maxlen\":\"10\"}","description":"","name":"NewRootPassword","value":"","type":"password"},{"constraints":"{\"unit\":\"GiB\"}","description":"","name":"LvmVolumeSize","value":"15","type":"number"},{"constraints":"{}","description":"","name":"LogicalVolumeGroupName","value":"new_vol_group","type":"string"}],"buildStep":[{"planScriptName":"SLES-12-mount-and-validate - 2017-03-15","planScriptUri":"/rest/plan-scripts/4b628f53-7055-442a-8cf3-ddc8f4b4b8bd","parameters":null,"serialNumber":"1"},{"planScriptName":"SLES-12-configure-multiple-NIC-bonding-2017-03-15","planScriptUri":"/rest/plan-scripts/290ca503-908f-486e-b314-15e3add16922","parameters":null,"serialNumber":"2"},{"planScriptName":"SLES-12-configure-users - 2017-03-15","planScriptUri":"/rest/plan-scripts/8ee3b32d-5460-495f-9e57-f5a65c07fd8f","parameters":null,"serialNumber":"3"},{"planScriptName":"SLES-12-configure-hostname-2017-03-15","planScriptUri":"/rest/plan-scripts/197e304e-6441-4ba4-b5f1-8bc686947b41","parameters":null,"serialNumber":"4"},{"planScriptName":"SLES-12-manage-security-services - 2017-03-15","planScriptUri":"/rest/plan-scripts/a16b908f-7ca8-401c-9e35-a97210e9deeb","parameters":null,"serialNumber":"5"},{"planScriptName":"SLES-12-configure-partition-using-LVM - 2017-03-15","planScriptUri":"/rest/plan-scripts/ebf1de98-de8f-4503-a648-155a00a9a3a8","parameters":null,"serialNumber":"6"},{"planScriptName":"SLES-12-unmount - 2017-03-15","planScriptUri":"/rest/plan-scripts/2891f4e9-8e73-42e2-a809-f4b9b8e3f12e","parameters":null,"serialNumber":"7"}],"eTag":null,"created":null,"modified":null,"etag":null,"hpProvided":true,"buildPlanid":"2e4e3f95-bb51-417c-9c15-feff57dc4b61","oeBuildPlanType":"deploy","description":"Personalizes SLES 12 and configures NIC bondings\n\n(c) Copyright 2017 Hewlett Packard Enterprise Development LP\n\nLicensed under the Apache License, Version 2.0 (the \"License\");...","category":null,"status":null,"uri":null,"name":"SLES-12-personalize-and-NIC-bondings-LVM-BP-2017-03-23"}
