{"type":"PlanScript","dependentArtifacts":null,"hpProvided":true,"eTag":null,"created":null,"modified":null,"customAttributes":null,"planType":"capture","description":"remove host configuration","category":null,"status":null,"uri":null,"name":"SLES-12-generalize-host - 2017-03-15","id":"477cb9fe-5fce-476b-9169-da7426116c3c","state":null,"content":"# (c) Copyright 2017 Hewlett Packard Enterprise Development LP\n#\n# Licensed under the Apache License, Version 2.0 (the \"License\");\n# you may not use this file except in compliance with the License.\n# You may obtain a copy of the License at http://www.apache.org/licenses/LICENSE-2.0\n#\n# Unless required by applicable law or agreed to in writing, software distributed\n# under the License is distributed on an \"AS IS\" BASIS, WITHOUT WARRANTIES OR\n# CONDITIONS OF ANY KIND, either express or implied. See the License for the\n# specific language governing permissions and limitations under the License.\n\n#Add ImageStreamerCapture file.\nupload -<<END /tmp/ImageStreamer/capture_details\n#!/bin/bash\n\necho \"Construct ImageStreamerCapture details file\"\necho \"HPE Image Streamer Capture for SLES 12 \" > ./ImageStreamerCapture\necho \"Complete generalization by host state removal\" >> ./ImageStreamerCapture\ndate >> ./ImageStreamerCapture\nexit 0\nEND\n\ndownload /tmp/ImageStreamer/capture_details ./capture_details\n!source ./capture_details\nupload ./ImageStreamerCapture /ImageStreamerCapture\n\ncat /ImageStreamerCapture\n\nrm-f /tmp/ImageStreamer/capture_details\n\n#Generalize /etc/hostname\nupload -<<END /etc/hostname\nlocalhost.localdomain.com\nEND\n\n#Generalize /etc/fstab file\n\ndownload /etc/fstab ./fstab\n\nupload -<<END /tmp/ImageStreamer/generalize_fstab\n#!/bin/bash\nsed -ie \"/#This/ { N; d; }\" ./fstab\nexit 0\nEND\n\ndownload /tmp/ImageStreamer/generalize_fstab ./generalize_fstab\n!source ./generalize_fstab\nupload ./fstab /etc/fstab\nrm-f /tmp/ImageStreamer/generalize_fstab\n\n#Generalize /etc/hosts file\n\ndownload /etc/hosts ./hosts\nupload -<<END /tmp/ImageStreamer/generalize_hosts\n#!/bin/bash\n\nsed -ie \"/#This/ { N; d; }\" ./hosts\nexit 0\nEND\n\ndownload /tmp/ImageStreamer/generalize_hosts ./generalize_hosts\n!source ./generalize_hosts\nupload ./hosts /etc/hosts\nrm-f /tmp/ImageStreamer/generalize_hosts\n\n#Generalize root directory\n-rm-rf /root/LVM-Data1\n\n#Generalize /etc/init.d directory\nrm-f /etc/init.d/add_def_gateway\nrm-f /etc/init.d/rm_add_def_route"}