{"type":"PlanScript","dependentArtifacts":null,"hpProvided":true,"eTag":null,"created":null,"modified":null,"customAttributes":null,"planType":"deploy","description":"set root password and create user accounts","category":null,"status":null,"uri":null,"name":"SLES-12-configure-users - 2017-03-15","id":"8ee3b32d-5460-495f-9e57-f5a65c07fd8f","state":null,"content":"# (c) Copyright 2017 Hewlett Packard Enterprise Development LP\n#\n# Licensed under the Apache License, Version 2.0 (the \"License\");\n# you may not use this file except in compliance with the License.\n# You may obtain a copy of the License at http://www.apache.org/licenses/LICENSE-2.0\n#\n# Unless required by applicable law or agreed to in writing, software distributed\n# under the License is distributed on an \"AS IS\" BASIS, WITHOUT WARRANTIES OR\n# CONDITIONS OF ANY KIND, either express or implied. See the License for the\n# specific language governing permissions and limitations under the License.\n\n# Change root's password by running with the master custom service\nupload -<<END /tmp/change_root_passwd\n#! /bin/bash\necho \"root:@NewRootPassword@\" | chpasswd\nunlink $0\nEND\n\n#Script to add new user and create password for new user\nupload -<<END /tmp/add_users\n#!/bin/bash\n#Add comments\nsed -i -e '$a\\#Following users have been added from Image Streamer' /etc/passwd\nsed -i -e '$a\\#Following users have been added from Image Streamer' /etc/group\nusers_string=\"@NewUsers@\"\n\n#Users will be added with the same password. On first login users has to change their password.\npassword=@NewUsersPassword@\nIFS=',; ' read -r -a array <<< \"$users_string\"\nfor user in \"${array[@]}\"\ndo\n if [ $(id -u) -eq 0 ]; then\n   egrep \"$user\" /etc/passwd >/dev/null\n   if [ $? -eq 0 ]; then\n     echo \"$user exists!\"\n     exit 1\n   else\n     useradd -m $user\n     echo \"$user:$password\" | chpasswd \n     [ $? -eq 0 ] &amp;&amp; echo \"User $user has been added to system!\" || echo \"Failed to add a user!\"\n   fi\n else\n   echo \"Unable to add User\"\n   exit 2\n fi\ndone\nunlink $0\nEND\n\n#Add script to after.local to run at boot time.\n!echo \"sh /tmp/change_root_passwd\" >> ./after.local\n\n#Add script to after.local to run at boot time.\n!echo \"sh /tmp/add_users\" >> ./after.local"}