{"type":"OeBuildPlan","dependentArtifacts":null,"customAttributes":[],"buildStep":[{"planScriptName":"SLES-12-mount-generalize - 2017-03-15","planScriptUri":"/rest/plan-scripts/be9853b0-efdf-46e3-b966-321fbf4b9b92","parameters":null,"serialNumber":"1"},{"planScriptName":"SLES-12-generalize-host - 2017-03-15","planScriptUri":"/rest/plan-scripts/477cb9fe-5fce-476b-9169-da7426116c3c","parameters":null,"serialNumber":"2"},{"planScriptName":"SLES-12-generalize-network - 2017-03-15","planScriptUri":"/rest/plan-scripts/2393ec04-c23a-45cd-a749-b716b1ccc484","parameters":null,"serialNumber":"3"},{"planScriptName":"SLES-12-generalize-users - 2017-03-15","planScriptUri":"/rest/plan-scripts/13f210d1-7c6c-4e6b-a0bb-a46bb24db1d5","parameters":null,"serialNumber":"4"},{"planScriptName":"SLES-12-unmount-genralize - 2017-03-15","planScriptUri":"/rest/plan-scripts/cddcbfb1-9130-4059-853d-968c32e70c4f","parameters":null,"serialNumber":"5"}],"eTag":null,"created":null,"modified":null,"etag":null,"hpProvided":true,"buildPlanid":"f56f4511-416e-4814-9ec3-98c395075601","oeBuildPlanType":"capture","description":"Removes personalization settings from SLES 12.\n\n(c) Copyright 2017 Hewlett Packard Enterprise Development LP\n\nLicensed under the Apache License, Version 2.0 (the \"License\");...","category":null,"status":null,"uri":null,"name":"SLES-12-generalize-2017-03-23"}
